Workbook

Sheet Plan - Semanal
B2: Tabacalera Espert SA
B4: Plan de Produccion | D4: Versión: | E4: 0
D5: DESDE | E5: HASTA
B6: Semana | C6: =_xlfn.ISOWEEKNUM(D6) -> 7 | D6: 46062 | E6: =D6+6 -> 46068 | M6: Semana 2 | N6: Semana 3 | O6: Semana 4
C8: =D6 -> 46062 | D8: =C8+1 -> 46063 | E8: =D8+1 -> 46064 | F8: =E8+1 -> 46065 | G8: =F8+1 -> 46066 | H8: =G8+1 -> 46067 | I8: =H8+1 -> 46068 | J8: =I8+1 -> 46069 | K8: T Semanal | M8: =C6+1 -> 8 | N8: =+M8+1 -> 9 | O8: =+N8+1 -> 10 | P8: T Mes
B9: Melbourne Red (TABES FLAMA 6.5) | C9: 0 | D9: 0 | E9: 0 | F9: 0 | G9: 0 | H9: 0 | I9: 0 | J9: 0 | K9: =SUM(C9:I9) -> 0 | M9: 0 | N9: 0 | O9: 0 | P9: =K9+M9+N9+O9 -> 0
C10: 0 | D10: 0 | E10: 0 | F10: 0 | G10: 0 | H10: 0 | I10: 0 | J10: 0 | K10: =SUM(C10:I10) -> 0 | M10: 0 | N10: 0 | O10: 0 | P10: =K10+M10+N10+O10 -> 0
B11: Melbourne Red (TABES FLAMA 6.5 AAE) | C11: 0 | D11: 0 | E11: 0 | F11: 0 | G11: 0 | H11: 0 | I11: 0 | J11: 0 | K11: =SUM(C11:J11) -> 0 | M11: 0 | N11: 0 | O11: 0 | P11: =K11+M11+N11+O11 -> 0
C12: 0 | D12: 0 | E12: 0 | F12: 0 | G12: 0 | H12: 0 | I12: 0 | J12: 0 | K12: =SUM(C12:J12) -> 0 | M12: 0 | N12: 0 | O12: 0 | P12: =K12+M12+N12+O12 -> 0
B13: Melbourne Gold (TABES FLAMA 6.5) | C13: 0 | D13: 0 | E13: 0 | F13: 0 | G13: 0 | H13: 0 | I13: 0 | J13: 0 | K13: =SUM(C13:J13) -> 0 | M13: 0 | N13: 0 | O13: 0 | P13: =K13+M13+N13+O13 -> 0
C14: 0 | D14: 0 | E14: 0 | F14: 0 | G14: 0 | H14: 0 | I14: 0 | J14: 0 | K14: =SUM(C14:J14) -> 0 | M14: 0 | N14: 0 | O14: 0 | P14: =K14+M14+N14+O14 -> 0
B15: Melbourne Gold (TABES FLAMA 6.5 AAE) | C15: 0 | D15: 0 | E15: 0 | F15: 0 | G15: 0 | H15: 0 | I15: 0 | J15: 0 | K15: =SUM(C15:J15) -> 0 | M15: 0 | N15: 0 | O15: 0 | P15: =K15+M15+N15+O15 -> 0
C16: 0 | D16: 0 | E16: 0 | F16: 0 | G16: 0 | H16: 0 | I16: 0 | J16: 0 | K16: =SUM(C16:J16) -> 0 | M16: 0 | N16: 0 | O16: 0 | P16: =K16+M16+N16+O16 -> 0
B17: Melbourne Mint (TABES FLAMA 6.5) | C17: 0 | D17: 0 | E17: 0 | F17: 0 | G17: 0 | H17: 0 | I17: 0 | J17: 0 | K17: =SUM(C17:J17) -> 0 | M17: 0 | N17: 0 | O17: 0 | P17: =K17+M17+N17+O17 -> 0
C18: 0 | D18: 0 | E18: 0 | F18: 0 | G18: 0 | H18: 0 | I18: 0 | J18: 0 | K18: =SUM(C18:J18) -> 0 | M18: 0 | N18: 0 | O18: 0 | P18: =K18+M18+N18+O18 -> 0
B19: Melbourne Mint (TABES FLAMA 6.5 AAE) | C19: 0 | D19: 0 | E19: 0 | F19: 0 | G19: 0 | H19: 0 | I19: 0 | J19: 0 | K19: =SUM(C19:J19) -> 0 | M19: 0 | N19: 0 | O19: 0 | P19: =K19+M19+N19+O19 -> 0
C20: 0 | D20: 0 | E20: 0 | F20: 0 | G20: 0 | H20: 0 | I20: 0 | J20: 0 | K20: =SUM(C20:J20) -> 0 | M20: 0 | N20: 0 | O20: 0 | P20: =K20+M20+N20+O20 -> 0
B21: Mill (TABES FLAMA 6.5) | C21: 1200 | D21: 1200 | E21: 1200 | F21: 0 | G21: 0 | H21: 0 | I21: 0 | J21: 0 | K21: =SUM(C21:J21) -> 3600 | M21: 0 | N21: 0 | O21: 0 | P21: =K21+M21+N21+O21 -> 3600
C22: 0 | D22: 0 | E22: 0 | F22: 0 | G22: 0 | H22: 0 | I22: 0 | J22: 0 | K22: =SUM(C22:J22) -> 0 | M22: 0 | N22: 0 | O22: 0 | P22: =K22+M22+N22+O22 -> 0
B23: Mill (TABES FLAMA 6.5 AAE) | C23: 0 | D23: 0 | E23: 0 | F23: 0 | G23: 0 | H23: 0 | I23: 0 | J23: 0 | K23: =SUM(C23:J23) -> 0 | M23: 0 | N23: 0 | O23: 0 | P23: =K23+M23+N23+O23 -> 0
C24: 0 | D24: 0 | E24: 0 | F24: 0 | G24: 0 | H24: 0 | I24: 0 | J24: 0 | K24: =SUM(C24:J24) -> 0 | M24: 0 | N24: 0 | O24: 0 | P24: =K24+M24+N24+O24 -> 0
B25: Mill Mint (TABES FLAMA 6.5) | C25: 0 | D25: 0 | E25: 0 | F25: 0 | G25: 0 | H25: 0 | I25: 0 | J25: 0 | K25: =SUM(C25:J25) -> 0 | M25: 0 | N25: 0 | O25: 0 | P25: =K25+M25+N25+O25 -> 0
C26: 0 | D26: 0 | E26: 0 | F26: 0 | G26: 0 | H26: 0 | I26: 0 | J26: 0 | K26: =SUM(C26:J26) -> 0 | M26: 0 | N26: 0 | O26: 0 | P26: =K26+M26+N26+O26 -> 0
B27: Mill Mint (TABES FLAMA 6.5 AAE) | C27: 0 | D27: 0 | E27: 0 | F27: 0 | G27: 0 | H27: 0 | I27: 0 | J27: 0 | K27: =SUM(C27:J27) -> 0 | M27: 0 | N27: 0 | O27: 0 | P27: =K27+M27+N27+O27 -> 0
C28: 0 | D28: 0 | E28: 0 | F28: 0 | G28: 0 | H28: 0 | I28: 0 | J28: 0 | K28: =SUM(C28:J28) -> 0 | M28: 0 | N28: 0 | O28: 0 | P28: =K28+M28+N28+O28 -> 0
B29: Bold Full (TABES FLAMA 6.5) | C29: 0 | D29: 0 | E29: 0 | F29: 1200 | G29: 1200 | H29: 0 | I29: 0 | J29: 0 | K29: =SUM(C29:J29) -> 2400 | M29: 0 | N29: 0 | O29: 0 | P29: =K29+M29+N29+O29 -> 2400
C30: 0 | D30: 0 | E30: 0 | F30: 0 | G30: 0 | H30: 0 | I30: 0 | J30: 0 | K30: =SUM(C30:J30) -> 0 | M30: 0 | N30: 0 | O30: 0 | P30: =K30+M30+N30+O30 -> 0
B31: Bold Full (TABES FLAMA 6.5 AAE) | C31: 0 | D31: 0 | E31: 0 | F31: 0 | G31: 0 | H31: 0 | I31: 0 | J31: 0 | K31: =SUM(C31:J31) -> 0 | M31: 0 | N31: 0 | O31: 0 | P31: =K31+M31+N31+O31 -> 0
C32: 0 | D32: 0 | E32: 0 | F32: 0 | G32: 0 | H32: 0 | I32: 0 | J32: 0 | K32: =SUM(C32:J32) -> 0 | M32: 0 | N32: 0 | O32: 0 | P32: =K32+M32+N32+O32 -> 0
B33: Bold Mint (TABES FLAMA 6.5) | C33: 0 | D33: 0 | E33: 0 | F33: 0 | G33: 0 | H33: 0 | I33: 0 | J33: 0 | K33: =SUM(C33:J33) -> 0 | M33: 0 | N33: 0 | O33: 0 | P33: =K33+M33+N33+O33 -> 0
C34: 0 | D34: 0 | E34: 0 | F34: 0 | G34: 0 | H34: 0 | I34: 0 | J34: 0 | K34: =SUM(C34:J34) -> 0 | M34: 0 | N34: 0 | O34: 0 | P34: =K34+M34+N34+O34 -> 0
B35: Bold Mint (TABES FLAMA 6.5 AAE) | C35: 0 | D35: 0 | E35: 0 | F35: 0 | G35: 0 | H35: 0 | I35: 0 | J35: 0 | K35: =SUM(C35:J35) -> 0 | M35: 0 | N35: 0 | O35: 0 | P35: =K35+M35+N35+O35 -> 0
C36: 0 | D36: 0 | E36: 0 | F36: 0 | G36: 0 | H36: 0 | I36: 0 | J36: 0 | K36: =SUM(C36:J36) -> 0 | M36: 0 | N36: 0 | O36: 0 | P36: =K36+M36+N36+O36 -> 0
B37: Sub total Ks (TABES FLAMA 6.5) | C37: =C9+C13+C17+C21+C29+C33+C25 -> 1200 | D37: =D9+D13+D17+D21+D29+D33+D25 -> 1200 | E37: =E9+E13+E17+E21+E29+E33+E25 -> 1200 | F37: =F9+F13+F17+F21+F29+F33+F25 -> 1200 | G37: =G9+G13+G17+G21+G29+G33+G25 -> 1200 | H37: =H9+H13+H17+H21+H29+H33+H25 -> 0 | I37: =I9+I13+I17+I21+I29+I33+I25 -> 0 | J37: =J9+J13+J17+J21+J29+J33+J25 -> 0 | K37: =K9+K13+K17+K21+K29+K33+K25 -> 6000 | M37: =M9+M13+M17+M21+M29+M33+M25 -> 0 | N37: =N9+N13+N17+N21+N29+N33+N25 -> 0 | O37: =O9+O13+O17+O21+O29+O33+O25 -> 0 | P37: =P9+P13+P17+P21+P29+P33+P25 -> 6000
C38: =C10+C14+C18+C22+C30+C34+C26 -> 0 | D38: =D10+D14+D18+D22+D30+D34+D26 -> 0 | E38: =E10+E14+E18+E22+E30+E34+E26 -> 0 | F38: =F10+F14+F18+F22+F30+F34+F26 -> 0 | G38: =G10+G14+G18+G22+G30+G34+G26 -> 0 | H38: =H10+H14+H18+H22+H30+H34+H26 -> 0 | I38: =I10+I14+I18+I22+I30+I34+I26 -> 0 | J38: =J10+J14+J18+J22+J30+J34+J26 -> 0 | K38: =K10+K14+K18+K22+K30+K34+K26 -> 0 | M38: =M10+M14+M18+M22+M30+M34+M26 -> 0 | N38: =N10+N14+N18+N22+N30+N34+N26 -> 0 | O38: =O10+O14+O18+O22+O30+O34+O26 -> 0 | P38: =P10+P14+P18+P22+P30+P34+P26 -> 0
B39: Sub total Ks (TABES FLAMA 6.5 AAE) | C39: =C11+C15+C19+C23+C31+C35+C27 -> 0 | D39: =D11+D15+D19+D23+D31+D35+D27 -> 0 | E39: =E11+E15+E19+E23+E31+E35+E27 -> 0 | F39: =F11+F15+F19+F23+F31+F35+F27 -> 0 | G39: =G11+G15+G19+G23+G31+G35+G27 -> 0 | H39: =H11+H15+H19+H23+H31+H35+H27 -> 0 | I39: =I11+I15+I19+I23+I31+I35+I27 -> 0 | J39: =J11+J15+J19+J23+J31+J35+J27 -> 0 | K39: =K11+K15+K19+K23+K31+K35+K27 -> 0 | M39: =M11+M15+M19+M23+M31+M35+M27 -> 0 | N39: =N11+N15+N19+N23+N31+N35+N27 -> 0 | O39: =O11+O15+O19+O23+O31+O35+O27 -> 0 | P39: =P11+P15+P19+P23+P31+P35+P27 -> 0
C40: =C12+C16+C20+C24+C32+C36+C28 -> 0 | D40: =D12+D16+D20+D24+D32+D36+D28 -> 0 | E40: =E12+E16+E20+E24+E32+E36+E28 -> 0 | F40: =F12+F16+F20+F24+F32+F36+F28 -> 0 | G40: =G12+G16+G20+G24+G32+G36+G28 -> 0 | H40: =H12+H16+H20+H24+H32+H36+H28 -> 0 | I40: =I12+I16+I20+I24+I32+I36+I28 -> 0 | J40: =J12+J16+J20+J24+J32+J36+J28 -> 0 | K40: =K12+K16+K20+K24+K32+K36+K28 -> 0 | M40: =M12+M16+M20+M24+M32+M36+M28 -> 0 | N40: =N12+N16+N20+N24+N32+N36+N28 -> 0 | O40: =O12+O16+O20+O24+O32+O36+O28 -> 0 | P40: =P12+P16+P20+P24+P32+P36+P28 -> 0
B41: Milenio Red (TABES FLAMA 6.5) | C41: 700 | D41: 700 | E41: 700 | F41: 500 | G41: 0 | H41: 0 | I41: 0 | J41: 0 | K41: =SUM(C41:J41) -> 2600 | M41: 0 | N41: 0 | O41: 0 | P41: =K41+M41+N41+O41 -> 2600
C42: 0 | D42: 0 | E42: 0 | F42: 0 | G42: 0 | H42: 0 | I42: 0 | J42: 0 | K42: =SUM(C42:J42) -> 0 | M42: 0 | N42: 0 | O42: 0 | P42: =K42+M42+N42+O42 -> 0
B43: Milenio Red (TABES FLAMA 6.5 AAE) | C43: 0 | D43: 0 | E43: 0 | F43: 0 | G43: 0 | H43: 0 | I43: 0 | J43: 0 | K43: =SUM(C43:J43) -> 0 | M43: 0 | N43: 0 | O43: 0 | P43: =K43+M43+N43+O43 -> 0
C44: 0 | D44: 0 | E44: 0 | F44: 0 | G44: 0 | H44: 0 | I44: 0 | J44: 0 | K44: =SUM(C44:J44) -> 0 | M44: 0 | N44: 0 | O44: 0 | P44: =K44+M44+N44+O44 -> 0
B45: Milenio Gold (TABES FLAMA 6.5) | C45: 0 | D45: 0 | E45: 0 | F45: 0 | G45: 0 | H45: 0 | I45: 0 | J45: 0 | K45: =SUM(C45:J45) -> 0 | M45: 0 | N45: 0 | O45: 0 | P45: =K45+M45+N45+O45 -> 0
C46: 0 | D46: 0 | E46: 0 | F46: 0 | G46: 0 | H46: 0 | I46: 0 | J46: 0 | K46: =SUM(C46:J46) -> 0 | M46: 0 | N46: 0 | O46: 0 | P46: =K46+M46+N46+O46 -> 0
B47: Milenio Gold (TABES FLAMA 6.5 AAE) | C47: 0 | D47: 0 | E47: 0 | F47: 0 | G47: 0 | H47: 0 | I47: 0 | J47: 0 | K47: =SUM(C47:J47) -> 0 | M47: 0 | N47: 0 | O47: 0 | P47: =K47+M47+N47+O47 -> 0
C48: 0 | D48: 0 | E48: 0 | F48: 0 | G48: 0 | H48: 0 | I48: 0 | J48: 0 | K48: =SUM(C48:J48) -> 0 | M48: 0 | N48: 0 | O48: 0 | P48: =K48+M48+N48+O48 -> 0
B49: Milenio Mint (TABES FLAMA 6.5) | C49: 0 | D49: 0 | E49: 0 | F49: 0 | G49: 0 | H49: 0 | I49: 0 | J49: 0 | K49: =SUM(C49:J49) -> 0 | M49: 0 | N49: 0 | O49: 0 | P49: =K49+M49+N49+O49 -> 0
C50: 0 | D50: 0 | E50: 0 | F50: 0 | G50: 0 | H50: 0 | I50: 0 | J50: 0 | K50: =SUM(C50:J50) -> 0 | M50: 0 | N50: 0 | O50: 0 | P50: =K50+M50+N50+O50 -> 0
B51: Milenio Mint (TABES FLAMA 6.5 AAE) | C51: 0 | D51: 0 | E51: 0 | F51: 0 | G51: 0 | H51: 0 | I51: 0 | J51: 0 | K51: =SUM(C51:J51) -> 0 | M51: 0 | N51: 0 | O51: 0 | P51: =K51+M51+N51+O51 -> 0
C52: 0 | D52: 0 | E52: 0 | F52: 0 | G52: 0 | H52: 0 | I52: 0 | J52: 0 | K52: =SUM(C52:J52) -> 0 | M52: 0 | N52: 0 | O52: 0 | P52: =K52+M52+N52+O52 -> 0
B53: Milenio Click (TABES FLAMA 6.5) | C53: 0 | D53: 0 | E53: 0 | F53: 0 | G53: 0 | H53: 700 | I53: 0 | J53: 0 | K53: =SUM(C53:J53) -> 700 | M53: 0 | N53: 0 | O53: 0 | P53: =K53+M53+N53+O53 -> 700
C54: 0 | D54: 0 | E54: 0 | F54: 0 | G54: 0 | H54: 0 | I54: 0 | J54: 0 | K54: =SUM(C54:J54) -> 0 | M54: 0 | N54: 0 | O54: 0 | P54: =K54+M54+N54+O54 -> 0
B55: Milenio Click (TABES FLAMA 6.5 AAE) | C55: 0 | D55: 0 | E55: 0 | F55: 0 | G55: 0 | H55: 0 | I55: 0 | J55: 0 | K55: =SUM(C55:J55) -> 0 | M55: 0 | N55: 0 | O55: 0 | P55: =K55+M55+N55+O55 -> 0
C56: 0 | D56: 0 | E56: 0 | F56: 0 | G56: 0 | H56: 0 | I56: 0 | J56: 0 | K56: =SUM(C56:J56) -> 0 | M56: 0 | N56: 0 | O56: 0 | P56: =K56+M56+N56+O56 -> 0
B57: Milenio VID ICE (TABES FLAMA 6.5) | C57: 0 | D57: 0 | E57: 0 | F57: 0 | G57: 0 | H57: 0 | I57: 0 | J57: 0 | K57: =SUM(C57:J57) -> 0 | M57: 0 | N57: 0 | O57: 0 | P57: =K57+M57+N57+O57 -> 0
C58: 0 | D58: 0 | E58: 0 | F58: 0 | G58: 0 | H58: 0 | I58: 0 | J58: 0 | K58: =SUM(C58:J58) -> 0 | M58: 0 | N58: 0 | O58: 0 | P58: =K58+M58+N58+O58 -> 0
B59: Milenio VID ICE (TABES FLAMA 6.5 AAE) | C59: 0 | D59: 0 | E59: 0 | F59: 0 | G59: 0 | H59: 0 | I59: 0 | J59: 0 | K59: =SUM(C59:J59) -> 0 | M59: 0 | N59: 0 | O59: 0 | P59: =K59+M59+N59+O59 -> 0
C60: 0 | D60: 0 | E60: 0 | F60: 0 | G60: 0 | H60: 0 | I60: 0 | J60: 0 | K60: =SUM(C60:J60) -> 0 | M60: 0 | N60: 0 | O60: 0 | P60: =K60+M60+N60+O60 -> 0
B61: Milenio PINK WAVE MINTZ (TABES FLAMA 6.5) | C61: 0 | D61: 0 | E61: 0 | F61: 200 | G61: 0 | H61: 0 | I61: 0 | J61: 0 | K61: =SUM(C61:J61) -> 200 | M61: 0 | N61: 0 | O61: 0 | P61: =K61+M61+N61+O61 -> 200
C62: 0 | D62: 0 | E62: 0 | F62: 0 | G62: 0 | H62: 0 | I62: 0 | J62: 0 | K62: =SUM(C62:J62) -> 0 | M62: 0 | N62: 0 | O62: 0 | P62: =K62+M62+N62+O62 -> 0
B63: Milenio PINK WAVE MINTZ (TABES FLAMA 6.5 AAE) | C63: 0 | D63: 0 | E63: 0 | F63: 0 | G63: 0 | H63: 0 | I63: 0 | J63: 0 | K63: =SUM(C63:J63) -> 0 | M63: 0 | N63: 0 | O63: 0 | P63: =K63+M63+N63+O63 -> 0
C64: 0 | D64: 0 | E64: 0 | F64: 0 | G64: 0 | H64: 0 | I64: 0 | J64: 0 | K64: =SUM(C64:J64) -> 0 | M64: 0 | N64: 0 | O64: 0 | P64: =K64+M64+N64+O64 -> 0
B65: Mill Explosion (TABES FLAMA 6.5) | C65: 0 | D65: 0 | E65: 0 | G65: 700 | H65: 0 | I65: 0 | J65: 0 | K65: =SUM(C65:J65) -> 700 | M65: 0 | N65: 0 | O65: 0 | P65: =K65+M65+N65+O65 -> 700
C66: 0 | D66: 0 | E66: 0 | F66: 0 | G66: 0 | H66: 0 | I66: 0 | J66: 0 | K66: =SUM(C66:J66) -> 0 | M66: 0 | N66: 0 | O66: 0 | P66: =K66+M66+N66+O66 -> 0
B67: Mill Explosion (TABES FLAMA 6.5 AAE) | C67: 0 | D67: 0 | E67: 0 | F67: 0 | G67: 0 | H67: 0 | I67: 0 | J67: 0 | K67: =SUM(C67:J67) -> 0 | M67: 0 | N67: 0 | O67: 0 | P67: =K67+M67+N67+O67 -> 0
C68: 0 | D68: 0 | E68: 0 | F68: 0 | G68: 0 | H68: 0 | I68: 0 | J68: 0 | K68: =SUM(C68:J68) -> 0 | M68: 0 | N68: 0 | O68: 0 | P68: =K68+M68+N68+O68 -> 0
B69: Sub total Box (TABES FLAMA 6.5) | C69: =C41+C45+C49+C53+C65+C57+C61 -> 700 | D69: =D41+D45+D49+D53+D65+D57+D61 -> 700 | E69: =E41+E45+E49+E53+E65+E57+E61 -> 700 | F69: =F41+F45+F49+F53+F65+F57+F61 -> 700 | G69: =G41+G45+G49+G53+G65+G57+G61 -> 700 | H69: =H41+H45+H49+H53+H65+H57+H61 -> 700 | I69: =I41+I45+I49+I53+I65+I57+I61 -> 0 | J69: =J41+J45+J49+J53+J65+J57+J61 -> 0 | K69: =K41+K45+K49+K53+K65+K57+K61 -> 4200 | M69: =M41+M45+M49+M53+M65+M57+M61 -> 0 | N69: =N41+N45+N49+N53+N65+N57+N61 -> 0 | O69: =O41+O45+O49+O53+O65+O57+O61 -> 0 | P69: =P41+P45+P49+P53+P65+P57+P61 -> 4200
C70: =C42+C46+C50+C54+C66+C58+C62 -> 0 | D70: =D42+D46+D50+D54+D66+D58+D62 -> 0 | E70: =E42+E46+E50+E54+E66+E58+E62 -> 0 | F70: =F42+F46+F50+F54+F66+F58+F62 -> 0 | G70: =G42+G46+G50+G54+G66+G58+G62 -> 0 | H70: =H42+H46+H50+H54+H66+H58+H62 -> 0 | I70: =I42+I46+I50+I54+I66+I58+I62 -> 0 | J70: =J42+J46+J50+J54+J66+J58+J62 -> 0 | K70: =K42+K46+K50+K54+K66+K58+K62 -> 0 | M70: =M42+M46+M50+M54+M66+M58+M62 -> 0 | N70: =N42+N46+N50+N54+N66+N58+N62 -> 0 | O70: =O42+O46+O50+O54+O66+O58+O62 -> 0 | P70: =P42+P46+P50+P54+P66+P58+P62 -> 0
B71: Sub total Box (TABES FLAMA 6.5 AAE) | C71: =C43+C47+C51+C55+C67+C59+C63 -> 0 | D71: =D43+D47+D51+D55+D67+D59+D63 -> 0 | E71: =E43+E47+E51+E55+E67+E59+E63 -> 0 | F71: =F43+F47+F51+F55+F67+F59+F63 -> 0 | G71: =G43+G47+G51+G55+G67+G59+G63 -> 0 | H71: =H43+H47+H51+H55+H67+H59+H63 -> 0 | I71: =I43+I47+I51+I55+I67+I59+I63 -> 0 | J71: =J43+J47+J51+J55+J67+J59+J63 -> 0 | K71: =K43+K47+K51+K55+K67+K59+K63 -> 0 | M71: =M43+M47+M51+M55+M67+M59+M63 -> 0 | N71: =N43+N47+N51+N55+N67+N59+N63 -> 0 | O71: =O43+O47+O51+O55+O67+O59+O63 -> 0 | P71: =P43+P47+P51+P55+P67+P59+P63 -> 0
C72: =C44+C48+C52+C56+C68+C60+C64 -> 0 | D72: =D44+D48+D52+D56+D68+D60+D64 -> 0 | E72: =E44+E48+E52+E56+E68+E60+E64 -> 0 | F72: =F44+F48+F52+F56+F68+F60+F64 -> 0 | G72: =G44+G48+G52+G56+G68+G60+G64 -> 0 | H72: =H44+H48+H52+H56+H68+H60+H64 -> 0 | I72: =I44+I48+I52+I56+I68+I60+I64 -> 0 | J72: =J44+J48+J52+J56+J68+J60+J64 -> 0 | K72: =K44+K48+K52+K56+K68+K60+K64 -> 0 | M72: =M44+M48+M52+M56+M68+M60+M64 -> 0 | N72: =N44+N48+N52+N56+N68+N60+N64 -> 0 | O72: =O44+O48+O52+O56+O68+O60+O64 -> 0 | P72: =P44+P48+P52+P56+P68+P60+P64 -> 0
B74: Total (TABES FLAMA 6.5) | C74: =C37+C69 -> 1900 | D74: =D37+D69 -> 1900 | E74: =E37+E69 -> 1900 | F74: =F37+F69 -> 1900 | G74: =G37+G69 -> 1900 | H74: =H37+H69 -> 700 | I74: =I37+I69 -> 0 | J74: =J37+J69 -> 0 | K74: =K37+K69 -> 10200 | M74: =M37+M69 -> 0 | N74: =N37+N69 -> 0 | O74: =O37+O69 -> 0 | P74: =K74+M74+N74+O74 -> 10200
C75: =C38+C70 -> 0 | D75: =D38+D70 -> 0 | E75: =E38+E70 -> 0 | F75: =F38+F70 -> 0 | G75: =G38+G70 -> 0 | H75: =H38+H70 -> 0 | I75: =I38+I70 -> 0 | J75: =J38+J70 -> 0 | K75: =K38+K70 -> 0 | M75: =M38+M70 -> 0 | N75: =N38+N70 -> 0 | O75: =O38+O70 -> 0 | P75: =K75+M75+N75+O75 -> 0
B76: Total (TABES FLAMA 6.5 AAE) | C76: =C39+C71 -> 0 | D76: =D39+D71 -> 0 | E76: =E39+E71 -> 0 | F76: =F39+F71 -> 0 | G76: =G39+G71 -> 0 | H76: =H39+H71 -> 0 | I76: =I39+I71 -> 0 | J76: =J39+J71 -> 0 | K76: =K39+K71 -> 0 | M76: =M39+M71 -> 0 | N76: =N39+N71 -> 0 | O76: =O39+O71 -> 0 | P76: =K76+M76+N76+O76 -> 0
C77: =C40+C72 -> 0 | D77: =D40+D72 -> 0 | E77: =E40+E72 -> 0 | F77: =F40+F72 -> 0 | G77: =G40+G72 -> 0 | H77: =H40+H72 -> 0 | I77: =I40+I72 -> 0 | J77: =J40+J72 -> 0 | K77: =K40+K72 -> 0 | M77: =M40+M72 -> 0 | N77: =N40+N72 -> 0 | O77: =O40+O72 -> 0 | P77: =K77+M77+N77+O77 -> 0
B79: Gran Total | C79: =C74+C75+C77+C76 -> 1900 | D79: =D74+D75+D77+D76 -> 1900 | E79: =E74+E75+E77+E76 -> 1900 | F79: =F74+F75+F77+F76 -> 1900 | G79: =G74+G75+G77+G76 -> 1900 | H79: =H74+H75+H77+H76 -> 700 | I79: =I74+I75+I77+I76 -> 0 | J79: =J74+J75+J77+J76 -> 0 | K79: =K74+K75+K77+K76 -> 10200 | M79: =M74+M75+M77+M76 -> 0 | N79: =N74+N75+N77+N76 -> 0 | O79: =O74+O75+O77+O76 -> 0 | P79: =K79+M79+N79+O79 -> 10200
B81: Consumo prog. Tabaco (Kg) | C81: =(C79*0.651*5)/C82 -> 6871.6667 | D81: =(D79*0.651*5)/D82 -> 6871.6667 | E81: =(E79*0.651*5)/E82 -> 6871.6667 | F81: =(F79*0.651*5)/F82 -> 6871.6667 | G81: =(G79*0.651*5)/G82 -> 6871.6667 | H81: =(H79*0.651*5)/H82 -> 2531.6667 | I81: =(I79*0.651*5)/I82 -> 0 | J81: =(J79*0.651*5)/J82 -> 0 | K81: =(K79*0.651*5)/K82 -> 36890 | M81: =(M79*0.651*5)/M82 -> 0 | N81: =(N79*0.651*5)/N82 -> 0 | O81: =(O79*0.651*5)/O82 -> 0 | P81: =(P79*0.651*5)/P82 -> 36890
B82: Rendimiento esperado (%) | C82: 0.9 | D82: 0.9 | E82: 0.9 | F82: 0.9 | G82: 0.9 | H82: 0.9 | I82: 0.9 | J82: 0.9 | K82: 0.9 | M82: 0.9 | N82: 0.9 | O82: 0.9 | P82: 0.9
B85: FILTROS (Cajas) | C85: =C8 -> 46062 | D85: =D8 -> 46063 | E85: =E8 -> 46064 | F85: =F8 -> 46065 | G85: =G8 -> 46066 | H85: =H8 -> 46067 | I85: =I8 -> 46068 | J85: =J8 -> 46069 | K85: =K8 -> T Semanal | M85: =M8 -> 8 | N85: =N8 -> 9 | O85: =O8 -> 10 | P85: T Mes
B86: Filtro Light 410 | C86: 0 | D86: 0 | E86: 0 | F86: 0 | G86: 0 | H86: 0 | I86: 0 | J86: 0 | K86: =SUM(C86:J86) -> 0 | M86: 0 | N86: 0 | O86: 0 | P86: =K86+M86+N86+O86 -> 0
B87: Filtro Full 330 | C87: 0 | D87: 0 | E87: 0 | F87: 0 | G87: 0 | H87: 0 | I87: 0 | J87: 0 | K87: =SUM(C87:J87) -> 0 | M87: 0 | N87: 0 | O87: 0 | P87: =K87+M87+N87+O87 -> 0
B88: Filtro Menta 330 | C88: 0 | D88: 0 | E88: 0 | F88: 0 | G88: 0 | H88: 0 | I88: 0 | J88: 0 | K88: =SUM(C88:J88) -> 0 | M88: 0 | N88: 0 | O88: 0 | P88: =K88+M88+N88+O88 -> 0
B89: Filtro Click 360 | C89: 0 | D89: 0 | E89: 0 | F89: 0 | G89: 0 | H89: 0 | I89: 0 | J89: 0 | K89: =SUM(C89:J89) -> 0 | M89: 0 | N89: 0 | O89: 0 | P89: =K89+M89+N89+O89 -> 0
B90: Filtro Click 360 Explosion | C90: 0 | D90: 0 | E90: 0 | F90: 0 | G90: 0 | H90: 0 | I90: 0 | J90: 0 | K90: =SUM(C90:J90) -> 0 | M90: 0 | N90: 0 | O90: 0 | P90: =K90+M90+N90+O90 -> 0
B91: Filtro vid ice | C91: 0 | D91: 0 | E91: 0 | F91: 0 | G91: 0 | H91: 0 | I91: 0 | J91: 0 | K91: =SUM(C91:J91) -> 0 | M91: 0 | N91: 0 | O91: 0 | P91: =K91+M91+N91+O91 -> 0
B92: Filtro pink wave mintz | C92: 0 | D92: 0 | E92: 0 | F92: 0 | G92: 0 | H92: 0 | I92: 0 | J92: 0 | K92: =SUM(C92:J92) -> 0 | M92: 0 | N92: 0 | O92: 0 | P92: =K92+M92+N92+O92 -> 0
B94: Total Filtros | C94: =C86+C87+C88+C89+C92+C90+C91 -> 0 | D94: =D86+D87+D88+D89+D92+D90+D91 -> 0 | E94: =E86+E87+E88+E89+E92+E90+E91 -> 0 | F94: =F86+F87+F88+F89+F92+F90+F91 -> 0 | G94: =G86+G87+G88+G89+G92+G90+G91 -> 0 | H94: =H86+H87+H88+H89+H92+H90+H91 -> 0 | I94: =I86+I87+I88+I89+I92+I90+I91 -> 0 | J94: =J86+J87+J88+J89+J92+J90+J91 -> 0 | K94: =SUM(C94:J94) -> 0 | M94: =M86+M87+M88+M89+M92+M90+M91 -> 0 | N94: =N86+N87+N88+N89+N92+N90+N91 -> 0 | O94: =O86+O87+O88+O89+O92+O90+O91 -> 0 | P94: =K94+M94+N94+O94 -> 0
B95: Documento: 43
B97: Realizado: | C97: AA | G97: Autorizado: | I97: FT
B102: Tabacalera Espert SA
B104: Seguimiento Plan de Produccion (en cajas)
D105: DESDE | E105: HASTA
B106: Semana | C106: =C6 -> 7 | D106: =D6 -> 46062 | E106: =E6 -> 46068
C108: =C8 -> 46062 | D108: =D8 -> 46063 | E108: =E8 -> 46064 | F108: =F8 -> 46065 | G108: =G8 -> 46066 | H108: =H8 -> 46067 | I108: =I8 -> 46068 | J108: =J8 -> 46069 | K108: T Semanal
B109: Melbourne Red TABES FLAMA 6.5 Plan | C109: =C9 -> 0 | D109: =D9 -> 0 | E109: =E9 -> 0 | F109: =F9 -> 0 | G109: =G9 -> 0 | H109: =H9 -> 0 | I109: =I9 -> 0 | K109: =SUM(C109:I109) -> 0
C110: =C10 -> 0 | D110: =D10 -> 0 | E110: =E10 -> 0 | F110: =F10 -> 0 | G110: =G10 -> 0 | H110: =H10 -> 0 | I110: =I10 -> 0 | K110: 0
B111: Melbourne Red TABES FLAMA 6.5 AAE Plan | C111: =C11 -> 0 | D111: =D11 -> 0 | E111: =E11 -> 0 | F111: =F11 -> 0 | G111: =G11 -> 0 | H111: =H11 -> 0 | I111: =I11 -> 0 | K111: =SUM(C111:I111) -> 0
C112: =C12 -> 0 | D112: =D12 -> 0 | E112: =E12 -> 0 | F112: =F12 -> 0 | G112: =G12 -> 0 | H112: =H12 -> 0 | I112: =I12 -> 0 | K112: =SUM(C112:I112) -> 0
B113: Melbourne Red TABES FLAMA 6.5 Real | C113: 863 | D113: 19 | E113: 0 | F113: 0 | G113: 0 | H113: 0 | I113: 0 | K113: =SUM(C113:I113) -> 882
C114: 0 | D114: 0 | E114: 0 | F114: 0 | G114: 0 | H114: 0 | I114: 0 | K114: =SUM(C114:I114) -> 0
B115: Melbourne Red TABES FLAMA 6.5 AAE Real | C115: 0 | D115: 0 | E115: 0 | F115: 0 | G115: 0 | H115: 0 | I115: 0 | K115: =SUM(C115:I115) -> 0
C116: 0 | D116: 0 | E116: 0 | F116: 0 | G116: 0 | H116: 0 | I116: 0 | K116: =SUM(C116:I116) -> 0
...

Sheet Gráfico_Plan

Sheet Stock insumos
A1: Materiales | C1: Rendimiento | H1: Cantidad Mat actual | K1: Capacidad de Producción | M1: Estimación en días | P1: Planificación
A2: Texto Breve | B2: Descripción | C2: Cant | D2: Unidad | E2: Resultado | F2: Unidad | H2: Cantidad | I2: Unidad | K2: Cajas PT | M2: Cajas PT diarias | N2: Cantidad de días | P2: Lunes | Q2: Resto | R2: Resto días | S2: Martes | T2: Resto | U2: Resto días | V2: Miércoles | W2: Resto | X2: Resto días | Y2: Jueves | Z2: Resto | AA2: Resto días | AB2: Viernes | AC2: Resto | AD2: Resto días | AE2: Sábado | AF2: Resto | AG2: Resto días | AH2: Domingo | AI2: Resto | AJ2: Resto días | AK2: Semana 2 | AL2: Resto S2 | AM2: Resto días | AN2: Semana 3 | AO2: Resto S3 | AP2: Resto días | AQ2: Semana 4 | AR2: Resto S4 | AS2: Resto días
A3: Papel Boquilla - MELBOURNE RED | B3: Papel Boquilla - MELBOURNE RED | C3: 1 | D3: BOBINA | E3: 40 | F3: CAJA PT | H3: 273 | I3: BOBINA | K3: =(H3*E3)/C3 -> 10920 | M3: 250 | N3: =K3/M3 -> 43.68 | P3: ='Plan - Semanal'!$C$9+'Plan - Semanal'!$C$10+'Plan - Semanal'!$C$11+'Plan - Semanal'!$C$12 -> 0 | Q3: =K3-P3 -> 10920 | R3: =Q3/$M3 -> 43.68 | S3: ='Plan - Semanal'!$D$9+'Plan - Semanal'!$D$10+'Plan - Semanal'!$D$11+'Plan - Semanal'!$D$12 -> 0 | T3: =Q3-S3 -> 10920 | U3: =T3/$M3 -> 43.68 | V3: ='Plan - Semanal'!$E$9+'Plan - Semanal'!$E$10+'Plan - Semanal'!$E$11+'Plan - Semanal'!$E$12 -> 0 | W3: =T3-V3 -> 10920 | X3: =W3/$M3 -> 43.68 | Y3: ='Plan - Semanal'!$F$9+'Plan - Semanal'!$F$10+'Plan - Semanal'!$F$11+'Plan - Semanal'!$F$12 -> 0 | Z3: =W3-Y3 -> 10920 | AA3: =Z3/$M3 -> 43.68 | AB3: ='Plan - Semanal'!$G$9+'Plan - Semanal'!$G$10+'Plan - Semanal'!$G$11+'Plan - Semanal'!$G$12 -> 0 | AC3: =Z3-AB3 -> 10920 | AD3: =AC3/$M3 -> 43.68 | AE3: ='Plan - Semanal'!$H$9+'Plan - Semanal'!$H$10+'Plan - Semanal'!$H$11+'Plan - Semanal'!$H$12 -> 0 | AF3: =AC3-AE3 -> 10920 | AG3: =AF3/$M3 -> 43.68 | AH3: ='Plan - Semanal'!$I$9+'Plan - Semanal'!$I$10+'Plan - Semanal'!$I$11+'Plan - Semanal'!$I$12 -> 0 | AI3: =AF3-AH3 -> 10920 | AJ3: =AI3/$M3 -> 43.68 | AK3: ='Plan - Semanal'!$M$9+'Plan - Semanal'!$M$10+'Plan - Semanal'!$M$11+'Plan - Semanal'!$M$12 -> 0 | AL3: =AI3-AK3 -> 10920 | AM3: =AL3/$M3 -> 43.68 | AN3: ='Plan - Semanal'!$N$9+'Plan - Semanal'!$N$10+'Plan - Semanal'!$N$11+'Plan - Semanal'!$N$12 -> 0 | AO3: =AL3-AN3 -> 10920 | AP3: =AO3/$M3 -> 43.68 | AQ3: ='Plan - Semanal'!$O$9+'Plan - Semanal'!$O$10+'Plan - Semanal'!$O$11+'Plan - Semanal'!$O$12 -> 0 | AR3: =AO3-AQ3 -> 10920 | AS3: =AR3/M3 -> 43.68
A4: Papel Boquilla - MELBOURNE GOLD | B4: Papel Boquilla - MELBOURNE GOLD | C4: 1 | D4: BOBINA | E4: 40 | F4: CAJA PT | H4: 9 | I4: BOBINA | K4: =(H4*E4)/C4 -> 360 | M4: 35 | N4: =K4/M4 -> 10.285714 | P4: ='Plan - Semanal'!$C$13+'Plan - Semanal'!$C$14+'Plan - Semanal'!$C$15+'Plan - Semanal'!$C$16 -> 0 | Q4: =K4-P4 -> 360 | R4: =Q4/$M4 -> 10.285714 | S4: ='Plan - Semanal'!$D$13+'Plan - Semanal'!$D$14+'Plan - Semanal'!$D$15+'Plan - Semanal'!$D$16 -> 0 | T4: =Q4-S4 -> 360 | U4: =T4/$M4 -> 10.285714 | V4: ='Plan - Semanal'!$E$13+'Plan - Semanal'!$E$14+'Plan - Semanal'!$E$15+'Plan - Semanal'!$E$16 -> 0 | W4: =T4-V4 -> 360 | X4: =W4/$M4 -> 10.285714 | Y4: ='Plan - Semanal'!$F$13+'Plan - Semanal'!$F$14+'Plan - Semanal'!$F$15+'Plan - Semanal'!$F$16 -> 0 | Z4: =W4-Y4 -> 360 | AA4: =Z4/$M4 -> 10.285714 | AB4: ='Plan - Semanal'!$G$13+'Plan - Semanal'!$G$14+'Plan - Semanal'!$G$15+'Plan - Semanal'!$G$16 -> 0 | AC4: =Z4-AB4 -> 360 | AD4: =AC4/$M4 -> 10.285714 | AE4: =+'Plan - Semanal'!$H$13+'Plan - Semanal'!$H$14+'Plan - Semanal'!$H$15+'Plan - Semanal'!$H$16 -> 0 | AF4: =AC4-AE4 -> 360 | AG4: =AF4/$M4 -> 10.285714 | AH4: =+'Plan - Semanal'!$I$13+'Plan - Semanal'!$I$14+'Plan - Semanal'!$I$15+'Plan - Semanal'!$I$16 -> 0 | AI4: =AF4-AH4 -> 360 | AJ4: =AI4/$M4 -> 10.285714 | AK4: =+'Plan - Semanal'!$M$13+'Plan - Semanal'!$M$14+'Plan - Semanal'!$M$15+'Plan - Semanal'!$M$16 -> 0 | AL4: =AI4-AK4 -> 360 | AM4: =AL4/$M4 -> 10.285714 | AN4: =+'Plan - Semanal'!$N$13+'Plan - Semanal'!$N$14+'Plan - Semanal'!$N$15+'Plan - Semanal'!$N$16 -> 0 | AO4: =AL4-AN4 -> 360 | AP4: =AO4/$M4 -> 10.285714 | AQ4: =+'Plan - Semanal'!$O$13+'Plan - Semanal'!$O$14+'Plan - Semanal'!$O$15+'Plan - Semanal'!$O$16 -> 0 | AR4: =AO4-AQ4 -> 360 | AS4: =AR4/M4 -> 10.285714
A5: Papel Boquilla - MELBOURNE MINT | B5: Papel Boquilla - MELBOURNE MINT | C5: 1 | D5: BOBINA | E5: 40 | F5: CAJA PT | H5: 32 | I5: BOBINA | K5: =(H5*E5)/C5 -> 1280 | M5: 20 | N5: =K5/M5 -> 64 | P5: =+'Plan - Semanal'!$C$17+'Plan - Semanal'!$C$18+'Plan - Semanal'!$C$19+'Plan - Semanal'!$C$20 -> 0 | Q5: =K5-P5 -> 1280 | R5: =Q5/$M5 -> 64 | S5: =+'Plan - Semanal'!$D$17+'Plan - Semanal'!$D$18+'Plan - Semanal'!$D$19+'Plan - Semanal'!$D$20 -> 0 | T5: =Q5-S5 -> 1280 | U5: =T5/$M5 -> 64 | V5: =+'Plan - Semanal'!$E$17+'Plan - Semanal'!$E$18+'Plan - Semanal'!$E$19+'Plan - Semanal'!$E$20 -> 0 | W5: =T5-V5 -> 1280 | X5: =W5/$M5 -> 64 | Y5: =+'Plan - Semanal'!$F$17+'Plan - Semanal'!$F$18+'Plan - Semanal'!$F$19+'Plan - Semanal'!$F$20 -> 0 | Z5: =W5-Y5 -> 1280 | AA5: =Z5/$M5 -> 64 | AB5: =+'Plan - Semanal'!$G$17+'Plan - Semanal'!$G$18+'Plan - Semanal'!$G$19+'Plan - Semanal'!$G$20 -> 0 | AC5: =Z5-AB5 -> 1280 | AD5: =AC5/$M5 -> 64 | AE5: =+'Plan - Semanal'!$H$17+'Plan - Semanal'!$H$18+'Plan - Semanal'!$H$19+'Plan - Semanal'!$H$20 -> 0 | AF5: =AC5-AE5 -> 1280 | AG5: =AF5/$M5 -> 64 | AH5: =+'Plan - Semanal'!$I$17+'Plan - Semanal'!$I$18+'Plan - Semanal'!$I$19+'Plan - Semanal'!$I$20 -> 0 | AI5: =AF5-AH5 -> 1280 | AJ5: =AI5/$M5 -> 64 | AK5: =+'Plan - Semanal'!$M$17+'Plan - Semanal'!$M$18+'Plan - Semanal'!$M$19+'Plan - Semanal'!$M$20 -> 0 | AL5: =AI5-AK5 -> 1280 | AM5: =AL5/$M5 -> 64 | AN5: =+'Plan - Semanal'!$N$17+'Plan - Semanal'!$N$18+'Plan - Semanal'!$N$19+'Plan - Semanal'!$N$20 -> 0 | AO5: =AL5-AN5 -> 1280 | AP5: =AO5/$M5 -> 64 | AQ5: =+'Plan - Semanal'!$O$17+'Plan - Semanal'!$O$18+'Plan - Semanal'!$O$19+'Plan - Semanal'!$O$20 -> 0 | AR5: =AO5-AQ5 -> 1280 | AS5: =AR5/M5 -> 64
A6: Papel Boquilla - MILL | B6: Papel Boquilla - MILL | C6: 1 | D6: BOBINA | E6: 40 | F6: CAJA PT | H6: 105 | I6: BOBINA | K6: =(H6*E6)/C6 -> 4200 | M6: 430 | N6: =K6/M6 -> 9.7674419 | P6: =+'Plan - Semanal'!$C$21+'Plan - Semanal'!$C$22+'Plan - Semanal'!$C$23+'Plan - Semanal'!$C$24 -> 1200 | Q6: =K6-P6 -> 3000 | R6: =Q6/$M6 -> 6.9767442 | S6: =+'Plan - Semanal'!$D$21+'Plan - Semanal'!$D$22+'Plan - Semanal'!$D$23+'Plan - Semanal'!$D$24 -> 1200 | T6: =Q6-S6 -> 1800 | U6: =T6/$M6 -> 4.1860465 | V6: =+'Plan - Semanal'!$E$21+'Plan - Semanal'!$E$22+'Plan - Semanal'!$E$23+'Plan - Semanal'!$E$24 -> 1200 | W6: =T6-V6 -> 600 | X6: =W6/$M6 -> 1.3953488 | Y6: =+'Plan - Semanal'!$F$21+'Plan - Semanal'!$F$22+'Plan - Semanal'!$F$23+'Plan - Semanal'!$F$24 -> 0 | Z6: =W6-Y6 -> 600 | AA6: =Z6/$M6 -> 1.3953488 | AB6: =+'Plan - Semanal'!$G$21+'Plan - Semanal'!$G$22+'Plan - Semanal'!$G$23+'Plan - Semanal'!$G$24 -> 0 | AC6: =Z6-AB6 -> 600 | AD6: =AC6/$M6 -> 1.3953488 | AE6: =+'Plan - Semanal'!$H$21+'Plan - Semanal'!$H$22+'Plan - Semanal'!$H$23+'Plan - Semanal'!$H$24 -> 0 | AF6: =AC6-AE6 -> 600 | AG6: =AF6/$M6 -> 1.3953488 | AH6: =+'Plan - Semanal'!$I$21+'Plan - Semanal'!$I$22+'Plan - Semanal'!$I$23+'Plan - Semanal'!$I$24 -> 0 | AI6: =AF6-AH6 -> 600 | AJ6: =AI6/$M6 -> 1.3953488 | AK6: =+'Plan - Semanal'!$M$21+'Plan - Semanal'!$M$22+'Plan - Semanal'!$M$23+'Plan - Semanal'!$M$24 -> 0 | AL6: =AI6-AK6 -> 600 | AM6: =AL6/$M6 -> 1.3953488 | AN6: =+'Plan - Semanal'!$N$21+'Plan - Semanal'!$N$22+'Plan - Semanal'!$N$23+'Plan - Semanal'!$N$24 -> 0 | AO6: =AL6-AN6 -> 600 | AP6: =AO6/$M6 -> 1.3953488 | AQ6: =+'Plan - Semanal'!$O$21+'Plan - Semanal'!$O$22+'Plan - Semanal'!$O$23+'Plan - Semanal'!$O$24 -> 0 | AR6: =AO6-AQ6 -> 600 | AS6: =AR6/M6 -> 1.3953488
A7: Papel Boquilla - MILL MINT | B7: Papel Boquilla - MILL MINT | C7: 1 | D7: BOBINA | E7: 40 | F7: CAJA PT | H7: 90 | I7: BOBINA | K7: =(H7*E7)/C7 -> 3600 | M7: 0 | N7: =K7/M7 -> #DIV/0! | P7: =+'Plan - Semanal'!C49+'Plan - Semanal'!C50+'Plan - Semanal'!C51+'Plan - Semanal'!C52 -> 0 | Q7: =K7-P7 -> 3600 | R7: =Q7/$M7 -> #DIV/0! | S7: =+'Plan - Semanal'!D49+'Plan - Semanal'!D50+'Plan - Semanal'!D51+'Plan - Semanal'!D52 -> 0 | T7: =Q7-S7 -> 3600 | U7: =T7/$M7 -> #DIV/0! | V7: =+'Plan - Semanal'!E49+'Plan - Semanal'!E50+'Plan - Semanal'!E51+'Plan - Semanal'!E52 -> 0 | W7: =T7-V7 -> 3600 | X7: =W7/$M7 -> #DIV/0! | Y7: =+'Plan - Semanal'!F49+'Plan - Semanal'!F50+'Plan - Semanal'!F51+'Plan - Semanal'!F52 -> 0 | Z7: =W7-Y7 -> 3600 | AA7: =Z7/$M7 -> #DIV/0! | AB7: =+'Plan - Semanal'!G49+'Plan - Semanal'!G50+'Plan - Semanal'!G51+'Plan - Semanal'!G52 -> 0 | AC7: =Z7-AB7 -> 3600 | AD7: =AC7/$M7 -> #DIV/0! | AE7: =+'Plan - Semanal'!H49+'Plan - Semanal'!H50+'Plan - Semanal'!H51+'Plan - Semanal'!H52 -> 0 | AF7: =AC7-AE7 -> 3600 | AG7: =AF7/$M7 -> #DIV/0! | AH7: =+'Plan - Semanal'!I49+'Plan - Semanal'!I50+'Plan - Semanal'!I51+'Plan - Semanal'!I52 -> 0 | AI7: =AF7-AH7 -> 3600 | AJ7: =AI7/$M7 -> #DIV/0! | AK7: =+'Plan - Semanal'!M49+'Plan - Semanal'!M50+'Plan - Semanal'!M51+'Plan - Semanal'!M52 -> 0 | AL7: =AI7-AK7 -> 3600 | AM7: =AL7/$M7 -> #DIV/0! | AN7: =+'Plan - Semanal'!N49+'Plan - Semanal'!N50+'Plan - Semanal'!N51+'Plan - Semanal'!N52 -> 0 | AO7: =AL7-AN7 -> 3600 | AP7: =AO7/$M7 -> #DIV/0! | AQ7: =+'Plan - Semanal'!O49+'Plan - Semanal'!O50+'Plan - Semanal'!O51+'Plan - Semanal'!O52 -> 0 | AR7: =AO7-AQ7 -> 3600 | AS7: =AR7/M7 -> #DIV/0!
A8: Papel Boquilla - BOLD FULL | B8: Papel Boquilla - BOLD FULL | C8: 1 | D8: BOBINA | E8: 40 | F8: CAJA PT | H8: 121 | I8: BOBINA | K8: =(H8*E8)/C8 -> 4840 | M8: 465 | N8: =K8/M8 -> 10.408602 | P8: =+'Plan - Semanal'!$C$29+'Plan - Semanal'!$C$30+'Plan - Semanal'!$C$31+'Plan - Semanal'!$C$32 -> 0 | Q8: =K8-P8 -> 4840 | R8: =Q8/$M8 -> 10.408602 | S8: =+'Plan - Semanal'!$D$29+'Plan - Semanal'!$D$30+'Plan - Semanal'!$D$31+'Plan - Semanal'!$D$32 -> 0 | T8: =Q8-S8 -> 4840 | U8: =T8/$M8 -> 10.408602 | V8: =+'Plan - Semanal'!$E$29+'Plan - Semanal'!$E$30+'Plan - Semanal'!$E$31+'Plan - Semanal'!$E$32 -> 0 | W8: =T8-V8 -> 4840 | X8: =W8/$M8 -> 10.408602 | Y8: =+'Plan - Semanal'!$F$29+'Plan - Semanal'!$F$30+'Plan - Semanal'!$F$31+'Plan - Semanal'!$F$32 -> 1200 | Z8: =W8-Y8 -> 3640 | AA8: =Z8/$M8 -> 7.827957 | AB8: =+'Plan - Semanal'!$G$29+'Plan - Semanal'!$G$30+'Plan - Semanal'!$G$31+'Plan - Semanal'!$G$32 -> 1200 | AC8: =Z8-AB8 -> 2440 | AD8: =AC8/$M8 -> 5.2473118 | AE8: =+'Plan - Semanal'!$H$29+'Plan - Semanal'!$H$30+'Plan - Semanal'!$H$31+'Plan - Semanal'!$H$32 -> 0 | AF8: =AC8-AE8 -> 2440 | AG8: =AF8/$M8 -> 5.2473118 | AH8: =+'Plan - Semanal'!$I$29+'Plan - Semanal'!$I$30+'Plan - Semanal'!$I$31+'Plan - Semanal'!$I$32 -> 0 | AI8: =AF8-AH8 -> 2440 | AJ8: =AI8/$M8 -> 5.2473118 | AK8: =+'Plan - Semanal'!$M$29+'Plan - Semanal'!$M$30+'Plan - Semanal'!$M$31+'Plan - Semanal'!$M$32 -> 0 | AL8: =AI8-AK8 -> 2440 | AM8: =AL8/$M8 -> 5.2473118 | AN8: =+'Plan - Semanal'!$N$29+'Plan - Semanal'!$N$30+'Plan - Semanal'!$N$31+'Plan - Semanal'!$N$32 -> 0 | AO8: =AL8-AN8 -> 2440 | AP8: =AO8/$M8 -> 5.2473118 | AQ8: =+'Plan - Semanal'!$O$29+'Plan - Semanal'!$O$30+'Plan - Semanal'!$O$31+'Plan - Semanal'!$O$32 -> 0 | AR8: =AO8-AQ8 -> 2440 | AS8: =AR8/M8 -> 5.2473118
A9: Papel Boquilla - BOLD MINT | B9: Papel Boquilla - BOLD MINT | C9: 1 | D9: BOBINA | E9: 40 | F9: CAJA PT | H9: 90 | I9: BOBINA | K9: =(H9*E9)/C9 -> 3600 | M9: 0 | N9: =K9/M9 -> #DIV/0! | P9: =+'Plan - Semanal'!$C$33+'Plan - Semanal'!$C$34+'Plan - Semanal'!$C$35+'Plan - Semanal'!$C$36 -> 0 | Q9: =K9-P9 -> 3600 | R9: =Q9/$M9 -> #DIV/0! | S9: =+'Plan - Semanal'!$D$33+'Plan - Semanal'!$D$34+'Plan - Semanal'!$D$35+'Plan - Semanal'!$D$36 -> 0 | T9: =Q9-S9 -> 3600 | U9: =T9/$M9 -> #DIV/0! | V9: =+'Plan - Semanal'!$E$33+'Plan - Semanal'!$E$34+'Plan - Semanal'!$E$35+'Plan - Semanal'!$E$36 -> 0 | W9: =T9-V9 -> 3600 | X9: =W9/$M9 -> #DIV/0! | Y9: =+'Plan - Semanal'!$F$33+'Plan - Semanal'!$F$34+'Plan - Semanal'!$F$35+'Plan - Semanal'!$F$36 -> 0 | Z9: =W9-Y9 -> 3600 | AA9: =Z9/$M9 -> #DIV/0! | AB9: =+'Plan - Semanal'!$G$33+'Plan - Semanal'!$G$34+'Plan - Semanal'!$G$35+'Plan - Semanal'!$G$36 -> 0 | AC9: =Z9-AB9 -> 3600 | AD9: =AC9/$M9 -> #DIV/0! | AE9: =+'Plan - Semanal'!$H$33+'Plan - Semanal'!$H$34+'Plan - Semanal'!$H$35+'Plan - Semanal'!$H$36 -> 0 | AF9: =AC9-AE9 -> 3600 | AG9: =AF9/$M9 -> #DIV/0! | AH9: =+'Plan - Semanal'!$I$33+'Plan - Semanal'!$I$34+'Plan - Semanal'!$I$35+'Plan - Semanal'!$I$36 -> 0 | AI9: =AF9-AH9 -> 3600 | AJ9: =AI9/$M9 -> #DIV/0! | AK9: =+'Plan - Semanal'!$M$33+'Plan - Semanal'!$M$34+'Plan - Semanal'!$M$35+'Plan - Semanal'!$M$36 -> 0 | AL9: =AI9-AK9 -> 3600 | AM9: =AL9/$M9 -> #DIV/0! | AN9: =+'Plan - Semanal'!$N$33+'Plan - Semanal'!$N$34+'Plan - Semanal'!$N$35+'Plan - Semanal'!$N$36 -> 0 | AO9: =AL9-AN9 -> 3600 | AP9: =AO9/$M9 -> #DIV/0! | AQ9: =+'Plan - Semanal'!$O$33+'Plan - Semanal'!$O$34+'Plan - Semanal'!$O$35+'Plan - Semanal'!$O$36 -> 0 | AR9: =AO9-AQ9 -> 3600 | AS9: =AR9/M9 -> #DIV/0!
A10: Papel Boquilla - MILENIO RED | B10: Papel Boquilla - MILENIO RED | C10: 1 | D10: BOBINA | E10: 40 | F10: CAJA PT | H10: 64 | I10: BOBINA | K10: =(H10*E10)/C10 -> 2560 | M10: 240 | N10: =K10/M10 -> 10.666667 | P10: ='Plan - Semanal'!$C$41+'Plan - Semanal'!$C$42+'Plan - Semanal'!$C$43+'Plan - Semanal'!$C$44 -> 700 | Q10: =K10-P10 -> 1860 | R10: =Q10/$M10 -> 7.75 | S10: =+'Plan - Semanal'!$D$41+'Plan - Semanal'!$D$42+'Plan - Semanal'!$D$43+'Plan - Semanal'!$D$44 -> 700 | T10: =Q10-S10 -> 1160 | U10: =T10/$M10 -> 4.8333333 | V10: =+'Plan - Semanal'!$E$41+'Plan - Semanal'!$E$42+'Plan - Semanal'!$E$43+'Plan - Semanal'!$E$44 -> 700 | W10: =T10-V10 -> 460 | X10: =W10/$M10 -> 1.9166667 | Y10: =+'Plan - Semanal'!$F$41+'Plan - Semanal'!$F$42+'Plan - Semanal'!$F$43+'Plan - Semanal'!$F$44 -> 500 | Z10: =W10-Y10 -> -40 | AA10: =Z10/$M10 -> -0.16666667 | AB10: =+'Plan - Semanal'!$G$41+'Plan - Semanal'!$G$42+'Plan - Semanal'!$G$43+'Plan - Semanal'!$G$44 -> 0 | AC10: =Z10-AB10 -> -40 | AD10: =AC10/$M10 -> -0.16666667 | AE10: =+'Plan - Semanal'!$H$41+'Plan - Semanal'!$H$42+'Plan - Semanal'!$H$43+'Plan - Semanal'!$H$44 -> 0 | AF10: =AC10-AE10 -> -40 | AG10: =AF10/$M10 -> -0.16666667 | AH10: =+'Plan - Semanal'!$I$41+'Plan - Semanal'!$I$42+'Plan - Semanal'!$I$43+'Plan - Semanal'!$I$44 -> 0 | AI10: =AF10-AH10 -> -40 | AJ10: =AI10/$M10 -> -0.16666667 | AK10: =+'Plan - Semanal'!$M$41+'Plan - Semanal'!$M$42+'Plan - Semanal'!$M$43+'Plan - Semanal'!$M$44 -> 0 | AL10: =AI10-AK10 -> -40 | AM10: =AL10/$M10 -> -0.16666667 | AN10: =+'Plan - Semanal'!$N$41+'Plan - Semanal'!$N$42+'Plan - Semanal'!$N$43+'Plan - Semanal'!$N$44 -> 0 | AO10: =AL10-AN10 -> -40 | AP10: =AO10/$M10 -> -0.16666667 | AQ10: =+'Plan - Semanal'!$O$41+'Plan - Semanal'!$O$42+'Plan - Semanal'!$O$43+'Plan - Semanal'!$O$44 -> 0 | AR10: =AO10-AQ10 -> -40 | AS10: =AR10/M10 -> -0.16666667
A11: Papel Boquilla - MILENIO GOLD | B11: Papel Boquilla - MILENIO GOLD | C11: 1 | D11: BOBINA | E11: 40 | F11: CAJA PT | H11: 30 | I11: BOBINA | K11: =(H11*E11)/C11 -> 1200 | M11: 25 | N11: =K11/M11 -> 48 | P11: =+'Plan - Semanal'!$C$45+'Plan - Semanal'!$C$46+'Plan - Semanal'!$C$47+'Plan - Semanal'!$C$48 -> 0 | Q11: =K11-P11 -> 1200 | R11: =Q11/$M11 -> 48 | S11: =+'Plan - Semanal'!$D$45+'Plan - Semanal'!$D$46+'Plan - Semanal'!$D$47+'Plan - Semanal'!$D$48 -> 0 | T11: =Q11-S11 -> 1200 | U11: =T11/$M11 -> 48 | V11: =+'Plan - Semanal'!$E$45+'Plan - Semanal'!$E$46+'Plan - Semanal'!$E$47+'Plan - Semanal'!$E$48 -> 0 | W11: =T11-V11 -> 1200 | X11: =W11/$M11 -> 48 | Y11: =+'Plan - Semanal'!$F$45+'Plan - Semanal'!$F$46+'Plan - Semanal'!$F$47+'Plan - Semanal'!$F$48 -> 0 | Z11: =W11-Y11 -> 1200 | AA11: =Z11/$M11 -> 48 | AB11: =+'Plan - Semanal'!$G$45+'Plan - Semanal'!$G$46+'Plan - Semanal'!$G$47+'Plan - Semanal'!$G$48 -> 0 | AC11: =Z11-AB11 -> 1200 | AD11: =AC11/$M11 -> 48 | AE11: =+'Plan - Semanal'!$H$45+'Plan - Semanal'!$H$46+'Plan - Semanal'!$H$47+'Plan - Semanal'!$H$48 -> 0 | AF11: =AC11-AE11 -> 1200 | AG11: =AF11/$M11 -> 48 | AH11: =+'Plan - Semanal'!$I$45+'Plan - Semanal'!$I$46+'Plan - Semanal'!$I$47+'Plan - Semanal'!$I$48 -> 0 | AI11: =AF11-AH11 -> 1200 | AJ11: =AI11/$M11 -> 48 | AK11: =+'Plan - Semanal'!$M$45+'Plan - Semanal'!$M$46+'Plan - Semanal'!$M$47+'Plan - Semanal'!$M$48 -> 0 | AL11: =AI11-AK11 -> 1200 | AM11: =AL11/$M11 -> 48 | AN11: =+'Plan - Semanal'!$N$45+'Plan - Semanal'!$N$46+'Plan - Semanal'!$N$47+'Plan - Semanal'!$N$48 -> 0 | AO11: =AL11-AN11 -> 1200 | AP11: =AO11/$M11 -> 48 | AQ11: =+'Plan - Semanal'!$O$45+'Plan - Semanal'!$O$46+'Plan - Semanal'!$O$47+'Plan - Semanal'!$O$48 -> 0 | AR11: =AO11-AQ11 -> 1200 | AS11: =AR11/M11 -> 48
A12: Papel Boquilla - MILENIO MINT | B12: Papel Boquilla - MILENIO MINT | C12: 1 | D12: BOBINA | E12: 40 | F12: CAJA PT | H12: 66 | I12: BOBINA | K12: =(H12*E12)/C12 -> 2640 | M12: 35 | N12: =K12/M12 -> 75.428571 | P12: =+'Plan - Semanal'!$C$49+'Plan - Semanal'!$C$50+'Plan - Semanal'!$C$51+'Plan - Semanal'!$C$52 -> 0 | Q12: =K12-P12 -> 2640 | R12: =Q12/$M12 -> 75.428571 | S12: =+'Plan - Semanal'!$D$49+'Plan - Semanal'!$D$50+'Plan - Semanal'!$D$51+'Plan - Semanal'!$D$52 -> 0 | T12: =Q12-S12 -> 2640 | U12: =T12/$M12 -> 75.428571 | V12: =+'Plan - Semanal'!$E$49+'Plan - Semanal'!$E$50+'Plan - Semanal'!$E$51+'Plan - Semanal'!$E$52 -> 0 | W12: =T12-V12 -> 2640 | X12: =W12/$M12 -> 75.428571 | Y12: =+'Plan - Semanal'!$F$49+'Plan - Semanal'!$F$50+'Plan - Semanal'!$F$51+'Plan - Semanal'!$F$52 -> 0 | Z12: =W12-Y12 -> 2640 | AA12: =Z12/$M12 -> 75.428571 | AB12: =+'Plan - Semanal'!$G$49+'Plan - Semanal'!$G$50+'Plan - Semanal'!$G$51+'Plan - Semanal'!$G$52 -> 0 | AC12: =Z12-AB12 -> 2640 | AD12: =AC12/$M12 -> 75.428571 | AE12: =+'Plan - Semanal'!$H$49+'Plan - Semanal'!$H$50+'Plan - Semanal'!$H$51+'Plan - Semanal'!$H$52 -> 0 | AF12: =AC12-AE12 -> 2640 | AG12: =AF12/$M12 -> 75.428571 | AH12: =+'Plan - Semanal'!$I$49+'Plan - Semanal'!$I$50+'Plan - Semanal'!$I$51+'Plan - Semanal'!$I$52 -> 0 | AI12: =AF12-AH12 -> 2640 | AJ12: =AI12/$M12 -> 75.428571 | AK12: =+'Plan - Semanal'!$M$49+'Plan - Semanal'!$M$50+'Plan - Semanal'!$M$51+'Plan - Semanal'!$M$52 -> 0 | AL12: =AI12-AK12 -> 2640 | AM12: =AL12/$M12 -> 75.428571 | AN12: =+'Plan - Semanal'!$N$49+'Plan - Semanal'!$N$50+'Plan - Semanal'!$N$51+'Plan - Semanal'!$N$52 -> 0 | AO12: =AL12-AN12 -> 2640 | AP12: =AO12/$M12 -> 75.428571 | AQ12: =+'Plan - Semanal'!$O$49+'Plan - Semanal'!$O$50+'Plan - Semanal'!$O$51+'Plan - Semanal'!$O$52 -> 0 | AR12: =AO12-AQ12 -> 2640 | AS12: =AR12/M12 -> 75.428571
A13: Papel Boquilla - MILENIO ICERGY | B13: Papel Boquilla - MILENIO ICERGY | C13: 1 | D13: BOBINA | E13: 40 | F13: CAJA PT | H13: 154 | I13: BOBINA | K13: =(H13*E13)/C13 -> 6160 | M13: 200 | N13: =K13/M13 -> 30.8 | P13: =+'Plan - Semanal'!$C$53+'Plan - Semanal'!$C$54+'Plan - Semanal'!$C$55+'Plan - Semanal'!$C$56 -> 0 | Q13: =K13-P13 -> 6160 | R13: =Q13/$M13 -> 30.8 | S13: =+'Plan - Semanal'!$D$53+'Plan - Semanal'!$D$54+'Plan - Semanal'!$D$55+'Plan - Semanal'!$D$56 -> 0 | T13: =Q13-S13 -> 6160 | U13: =T13/$M13 -> 30.8 | V13: =+'Plan - Semanal'!$E$53+'Plan - Semanal'!$E$54+'Plan - Semanal'!$E$55+'Plan - Semanal'!$E$56 -> 0 | W13: =T13-V13 -> 6160 | X13: =W13/$M13 -> 30.8 | Y13: =+'Plan - Semanal'!$F$53+'Plan - Semanal'!$F$54+'Plan - Semanal'!$F$55+'Plan - Semanal'!$F$56 -> 0 | Z13: =W13-Y13 -> 6160 | AA13: =Z13/$M13 -> 30.8 | AB13: =+'Plan - Semanal'!$G$53+'Plan - Semanal'!$G$54+'Plan - Semanal'!$G$55+'Plan - Semanal'!$G$56 -> 0 | AC13: =Z13-AB13 -> 6160 | AD13: =AC13/$M13 -> 30.8 | AE13: =+'Plan - Semanal'!$H$53+'Plan - Semanal'!$H$54+'Plan - Semanal'!$H$55+'Plan - Semanal'!$H$56 -> 700 | AF13: =AC13-AE13 -> 5460 | AG13: =AF13/$M13 -> 27.3 | AH13: =+'Plan - Semanal'!$I$53+'Plan - Semanal'!$I$54+'Plan - Semanal'!$I$55+'Plan - Semanal'!$I$56 -> 0 | AI13: =AF13-AH13 -> 5460 | AJ13: =AI13/$M13 -> 27.3 | AK13: =+'Plan - Semanal'!$M$53+'Plan - Semanal'!$M$54+'Plan - Semanal'!$M$55+'Plan - Semanal'!$M$56 -> 0 | AL13: =AI13-AK13 -> 5460 | AM13: =AL13/$M13 -> 27.3 | AN13: =+'Plan - Semanal'!$N$53+'Plan - Semanal'!$N$54+'Plan - Semanal'!$N$55+'Plan - Semanal'!$N$56 -> 0 | AO13: =AL13-AN13 -> 5460 | AP13: =AO13/$M13 -> 27.3 | AQ13: =+'Plan - Semanal'!$O$53+'Plan - Semanal'!$O$54+'Plan - Semanal'!$O$55+'Plan - Semanal'!$O$56 -> 0 | AR13: =AO13-AQ13 -> 5460 | AS13: =AR13/M13 -> 27.3
A14: Papel Boquilla - MILENIO VID ICE | B14: Papel Boquilla - MILENIO VID ICE | C14: 1 | D14: BOBINA | E14: 40 | F14: CAJA PT | H14: 42 | I14: BOBINA | K14: =(H14*E14)/C14 -> 1680 | M14: 125 | N14: =K14/M14 -> 13.44 | P14: =+'Plan - Semanal'!$C$57+'Plan - Semanal'!$C$58+'Plan - Semanal'!$C$59+'Plan - Semanal'!$C$60 -> 0 | Q14: =K14-P14 -> 1680 | R14: =Q14/$M14 -> 13.44 | S14: =+'Plan - Semanal'!$D$57+'Plan - Semanal'!$D$58+'Plan - Semanal'!$D$59+'Plan - Semanal'!$D$60 -> 0 | T14: =Q14-S14 -> 1680 | U14: =T14/$M14 -> 13.44 | V14: =+'Plan - Semanal'!$D$57+'Plan - Semanal'!$D$58+'Plan - Semanal'!$D$59+'Plan - Semanal'!$D$60 -> 0 | W14: =T14-V14 -> 1680 | X14: =W14/$M14 -> 13.44 | Y14: =+'Plan - Semanal'!$F$57+'Plan - Semanal'!$F$58+'Plan - Semanal'!$F$59+'Plan - Semanal'!$F$60 -> 0 | Z14: =W14-Y14 -> 1680 | AA14: =Z14/$M14 -> 13.44 | AB14: =+'Plan - Semanal'!$G$57+'Plan - Semanal'!$G$58+'Plan - Semanal'!$G$59+'Plan - Semanal'!$G$60 -> 0 | AC14: =Z14-AB14 -> 1680 | AD14: =AC14/$M14 -> 13.44 | AE14: =+'Plan - Semanal'!$H$57+'Plan - Semanal'!$H$58+'Plan - Semanal'!$H$59+'Plan - Semanal'!$H$60 -> 0 | AF14: =AC14-AE14 -> 1680 | AG14: =AF14/$M14 -> 13.44 | AH14: =+'Plan - Semanal'!$I$57+'Plan - Semanal'!$I$58+'Plan - Semanal'!$I$59+'Plan - Semanal'!$I$60 -> 0 | AI14: =AF14-AH14 -> 1680 | AJ14: =AI14/$M14 -> 13.44 | AK14: =+'Plan - Semanal'!$M$57+'Plan - Semanal'!$M$58+'Plan - Semanal'!$M$59+'Plan - Semanal'!$M$60 -> 0 | AL14: =AI14-AK14 -> 1680 | AM14: =AL14/$M14 -> 13.44 | AN14: =+'Plan - Semanal'!$N$57+'Plan - Semanal'!$N$58+'Plan - Semanal'!$N$59+'Plan - Semanal'!$N$60 -> 0 | AO14: =AL14-AN14 -> 1680 | AP14: =AO14/$M14 -> 13.44 | AQ14: =+'Plan - Semanal'!$O$57+'Plan - Semanal'!$O$58+'Plan - Semanal'!$O$59+'Plan - Semanal'!$O$60 -> 0 | AR14: =AO14-AQ14 -> 1680 | AS14: =AR14/M14 -> 13.44
A15: Papel Boquilla - MILENIO PINK WAVE MINTZ | B15: Papel Boquilla - MILENIO PINK WAVE MINTZ | C15: 1 | D15: BOBINA | E15: 40 | F15: CAJA PT | H15: 61 | I15: BOBINA | K15: =(H15*E15)/C15 -> 2440 | M15: 40 | N15: =K15/M15 -> 61 | P15: =+'Plan - Semanal'!$C$61+'Plan - Semanal'!$C$62+'Plan - Semanal'!$C$63+'Plan - Semanal'!$C$64 -> 0 | Q15: =K15-P15 -> 2440 | R15: =Q15/$M15 -> 61 | S15: =+'Plan - Semanal'!$D$61+'Plan - Semanal'!$D$62+'Plan - Semanal'!$D$63+'Plan - Semanal'!$D$64 -> 0 | T15: =Q15-S15 -> 2440 | U15: =T15/$M15 -> 61 | V15: =+'Plan - Semanal'!$E$61+'Plan - Semanal'!$E$62+'Plan - Semanal'!$E$63+'Plan - Semanal'!$E$64 -> 0 | W15: =T15-V15 -> 2440 | X15: =W15/$M15 -> 61 | Y15: =+'Plan - Semanal'!$F$61+'Plan - Semanal'!$F$62+'Plan - Semanal'!$F$63+'Plan - Semanal'!$F$64 -> 200 | Z15: =W15-Y15 -> 2240 | AA15: =Z15/$M15 -> 56 | AB15: =+'Plan - Semanal'!$G$61+'Plan - Semanal'!$G$62+'Plan - Semanal'!$G$63+'Plan - Semanal'!$G$64 -> 0 | AC15: =Z15-AB15 -> 2240 | AD15: =AC15/$M15 -> 56 | AE15: =+'Plan - Semanal'!$H$61+'Plan - Semanal'!$H$62+'Plan - Semanal'!$H$63+'Plan - Semanal'!$H$64 -> 0 | AF15: =AC15-AE15 -> 2240 | AG15: =AF15/$M15 -> 56 | AH15: =+'Plan - Semanal'!$I$61+'Plan - Semanal'!$I$62+'Plan - Semanal'!$I$63+'Plan - Semanal'!$I$64 -> 0 | AI15: =AF15-AH15 -> 2240 | AJ15: =AI15/$M15 -> 56 | AK15: =+'Plan - Semanal'!$M$61+'Plan - Semanal'!$M$62+'Plan - Semanal'!$M$63+'Plan - Semanal'!$M$64 -> 0 | AL15: =AI15-AK15 -> 2240 | AM15: =AL15/$M15 -> 56 | AN15: =+'Plan - Semanal'!$N$61+'Plan - Semanal'!$N$62+'Plan - Semanal'!$N$63+'Plan - Semanal'!$N$64 -> 0 | AO15: =AL15-AN15 -> 2240 | AP15: =AO15/$M15 -> 56 | AQ15: =+'Plan - Semanal'!$O$61+'Plan - Semanal'!$O$62+'Plan - Semanal'!$O$63+'Plan - Semanal'!$O$64 -> 0 | AR15: =AO15-AQ15 -> 2240 | AS15: =AR15/M15 -> 56
A16: Papel Boquilla - MILL EXPLOSION | B16: Papel Boquilla - MILL EXPLOSION | C16: 1 | D16: BOBINA | E16: 40 | F16: CAJA PT | H16: 154 | I16: BOBINA | K16: =(H16*E16)/C16 -> 6160 | M16: 75 | N16: =K16/M16 -> 82.133333 | P16: =+'Plan - Semanal'!$C$65+'Plan - Semanal'!$C$66+'Plan - Semanal'!$C$67+'Plan - Semanal'!$C$68 -> 0 | Q16: =K16-P16 -> 6160 | R16: =Q16/$M16 -> 82.133333 | S16: =+'Plan - Semanal'!$D$65+'Plan - Semanal'!$D$66+'Plan - Semanal'!$D$67+'Plan - Semanal'!$D$68 -> 0 | T16: =Q16-S16 -> 6160 | U16: =T16/$M16 -> 82.133333 | V16: =+'Plan - Semanal'!$E$65+'Plan - Semanal'!$E$66+'Plan - Semanal'!$E$67+'Plan - Semanal'!$E$68 -> 0 | W16: =T16-V16 -> 6160 | X16: =W16/$M16 -> 82.133333 | Y16: =+'Plan - Semanal'!$F$65+'Plan - Semanal'!$F$66+'Plan - Semanal'!$F$67+'Plan - Semanal'!$F$68 -> 0 | Z16: =W16-Y16 -> 6160 | AA16: =Z16/$M16 -> 82.133333 | AB16: =+'Plan - Semanal'!$G$65+'Plan - Semanal'!$G$66+'Plan - Semanal'!$G$67+'Plan - Semanal'!$G$68 -> 700 | AC16: =Z16-AB16 -> 5460 | AD16: =AC16/$M16 -> 72.8 | AE16: =+'Plan - Semanal'!$H$65+'Plan - Semanal'!$H$66+'Plan - Semanal'!$H$67+'Plan - Semanal'!$H$68 -> 0 | AF16: =AC16-AE16 -> 5460 | AG16: =AF16/$M16 -> 72.8 | AH16: =+'Plan - Semanal'!$I$65+'Plan - Semanal'!$I$66+'Plan - Semanal'!$I$67+'Plan - Semanal'!$I$68 -> 0 | AI16: =AF16-AH16 -> 5460 | AJ16: =AI16/$M16 -> 72.8 | AK16: =+'Plan - Semanal'!$M$65+'Plan - Semanal'!$M$66+'Plan - Semanal'!$M$67+'Plan - Semanal'!$M$68 -> 0 | AL16: =AI16-AK16 -> 5460 | AM16: =AL16/$M16 -> 72.8 | AN16: =+'Plan - Semanal'!$N$65+'Plan - Semanal'!$N$66+'Plan - Semanal'!$N$67+'Plan - Semanal'!$N$68 -> 0 | AO16: =AL16-AN16 -> 5460 | AP16: =AO16/$M16 -> 72.8 | AQ16: =+'Plan - Semanal'!$O$65+'Plan - Semanal'!$O$66+'Plan - Semanal'!$O$67+'Plan - Semanal'!$O$68 -> 0 | AR16: =AO16-AQ16 -> 5460 | AS16: =AR16/M16 -> 72.8
A17: Papel de Fumar | B17: Papel de Fumar para todos los productos | C17: 1 | D17: BOBINA | E17: 19 | F17: CAJA PT | H17: 682 | I17: BOBINA | K17: =(H17*E17)/C17 -> 12958 | M17: 2000 | N17: =K17/M17 -> 6.479 | P17: ='Plan - Semanal'!$C$79 -> 1900 | Q17: =K17-P17 -> 11058 | R17: =Q17/$M17 -> 5.529 | S17: =+'Plan - Semanal'!$D$79 -> 1900 | T17: =Q17-S17 -> 9158 | U17: =T17/$M17 -> 4.579 | V17: =+'Plan - Semanal'!$E$79 -> 1900 | W17: =T17-V17 -> 7258 | X17: =W17/$M17 -> 3.629 | Y17: =+'Plan - Semanal'!$F$79 -> 1900 | Z17: =W17-Y17 -> 5358 | AA17: =Z17/$M17 -> 2.679 | AB17: =+'Plan - Semanal'!$G$79 -> 1900 | AC17: =Z17-AB17 -> 3458 | AD17: =AC17/$M17 -> 1.729 | AE17: =+'Plan - Semanal'!$H$79 -> 700 | AF17: =AC17-AE17 -> 2758 | AG17: =AF17/$M17 -> 1.379 | AH17: =+'Plan - Semanal'!$I$79 -> 0 | AI17: =AF17-AH17 -> 2758 | AJ17: =AI17/$M17 -> 1.379 | AK17: =+'Plan - Semanal'!$M$79 -> 0 | AL17: =AI17-AK17 -> 2758 | AM17: =AL17/$M17 -> 1.379 | AN17: =+'Plan - Semanal'!$N$79 -> 0 | AO17: =AL17-AN17 -> 2758 | AP17: =AO17/$M17 -> 1.379 | AQ17: =+'Plan - Semanal'!$O$79 -> 0 | AR17: =AO17-AQ17 -> 2758 | AS17: =AR17/M17 -> 1.379
A18: Marquilla - MELBOURNE RED | B18: Marquilla SOFT - MELBOURNE RED | C18: 300000 | D18: MARQUILLA | E18: 1200 | F18: CAJA PT | H18: 1012500 | I18: MARQUILLA | K18: =(H18*E18)/C18 -> 4050 | M18: 250 | N18: =K18/M18 -> 16.2 | P18: ='Plan - Semanal'!$C$9+'Plan - Semanal'!$C$10+'Plan - Semanal'!$C$11+'Plan - Semanal'!$C$12 -> 0 | Q18: =K18-P18 -> 4050 | R18: =Q18/$M18 -> 16.2 | S18: ='Plan - Semanal'!$D$9+'Plan - Semanal'!$D$10+'Plan - Semanal'!$D$11+'Plan - Semanal'!$D$12 -> 0 | T18: =Q18-S18 -> 4050 | U18: =T18/$M18 -> 16.2 | V18: ='Plan - Semanal'!$E$9+'Plan - Semanal'!$E$10+'Plan - Semanal'!$E$11+'Plan - Semanal'!$E$12 -> 0 | W18: =T18-V18 -> 4050 | X18: =W18/$M18 -> 16.2 | Y18: ='Plan - Semanal'!$F$9+'Plan - Semanal'!$F$10+'Plan - Semanal'!$F$11+'Plan - Semanal'!$F$12 -> 0 | Z18: =W18-Y18 -> 4050 | AA18: =Z18/$M18 -> 16.2 | AB18: ='Plan - Semanal'!$G$9+'Plan - Semanal'!$G$10+'Plan - Semanal'!$G$11+'Plan - Semanal'!$G$12 -> 0 | AC18: =Z18-AB18 -> 4050 | AD18: =AC18/$M18 -> 16.2 | AE18: ='Plan - Semanal'!$H$9+'Plan - Semanal'!$H$10+'Plan - Semanal'!$H$11+'Plan - Semanal'!$H$12 -> 0 | AF18: =AC18-AE18 -> 4050 | AG18: =AF18/$M18 -> 16.2 | AH18: ='Plan - Semanal'!$I$9+'Plan - Semanal'!$I$10+'Plan - Semanal'!$I$11+'Plan - Semanal'!$I$12 -> 0 | AI18: =AF18-AH18 -> 4050 | AJ18: =AI18/$M18 -> 16.2 | AK18: ='Plan - Semanal'!$M$9+'Plan - Semanal'!$M$10+'Plan - Semanal'!$M$11+'Plan - Semanal'!$M$12 -> 0 | AL18: =AI18-AK18 -> 4050 | AM18: =AL18/$M18 -> 16.2 | AN18: ='Plan - Semanal'!$N$9+'Plan - Semanal'!$N$10+'Plan - Semanal'!$N$11+'Plan - Semanal'!$N$12 -> 0 | AO18: =AL18-AN18 -> 4050 | AP18: =AO18/$M18 -> 16.2 | AQ18: ='Plan - Semanal'!$O$9+'Plan - Semanal'!$O$10+'Plan - Semanal'!$O$11+'Plan - Semanal'!$O$12 -> 0 | AR18: =AO18-AQ18 -> 4050 | AS18: =AR18/M18 -> 16.2
A19: Marquilla - MELBOURNE GOLD | B19: Marquilla SOFT - MELBOURNE GOLD | C19: 300000 | D19: MARQUILLA | E19: 1200 | F19: CAJA PT | H19: 600000 | I19: MARQUILLA | K19: =(H19*E19)/C19 -> 2400 | M19: 35 | N19: =K19/M19 -> 68.571429 | P19: ='Plan - Semanal'!$C$13+'Plan - Semanal'!$C$14+'Plan - Semanal'!$C$15+'Plan - Semanal'!$C$16 -> 0 | Q19: =K19-P19 -> 2400 | R19: =Q19/$M19 -> 68.571429 | S19: ='Plan - Semanal'!$D$13+'Plan - Semanal'!$D$14+'Plan - Semanal'!$D$15+'Plan - Semanal'!$D$16 -> 0 | T19: =Q19-S19 -> 2400 | U19: =T19/$M19 -> 68.571429 | V19: ='Plan - Semanal'!$E$13+'Plan - Semanal'!$E$14+'Plan - Semanal'!$E$15+'Plan - Semanal'!$E$16 -> 0 | W19: =T19-V19 -> 2400 | X19: =W19/$M19 -> 68.571429 | Y19: ='Plan - Semanal'!$F$13+'Plan - Semanal'!$F$14+'Plan - Semanal'!$F$15+'Plan - Semanal'!$F$16 -> 0 | Z19: =W19-Y19 -> 2400 | AA19: =Z19/$M19 -> 68.571429 | AB19: ='Plan - Semanal'!$G$13+'Plan - Semanal'!$G$14+'Plan - Semanal'!$G$15+'Plan - Semanal'!$G$16 -> 0 | AC19: =Z19-AB19 -> 2400 | AD19: =AC19/$M19 -> 68.571429 | AE19: =+'Plan - Semanal'!$H$13+'Plan - Semanal'!$H$14+'Plan - Semanal'!$H$15+'Plan - Semanal'!$H$16 -> 0 | AF19: =AC19-AE19 -> 2400 | AG19: =AF19/$M19 -> 68.571429 | AH19: =+'Plan - Semanal'!$I$13+'Plan - Semanal'!$I$14+'Plan - Semanal'!$I$15+'Plan - Semanal'!$I$16 -> 0 | AI19: =AF19-AH19 -> 2400 | AJ19: =AI19/$M19 -> 68.571429 | AK19: =+'Plan - Semanal'!$M$13+'Plan - Semanal'!$M$14+'Plan - Semanal'!$M$15+'Plan - Semanal'!$M$16 -> 0 | AL19: =AI19-AK19 -> 2400 | AM19: =AL19/$M19 -> 68.571429 | AN19: =+'Plan - Semanal'!$N$13+'Plan - Semanal'!$N$14+'Plan - Semanal'!$N$15+'Plan - Semanal'!$N$16 -> 0 | AO19: =AL19-AN19 -> 2400 | AP19: =AO19/$M19 -> 68.571429 | AQ19: =+'Plan - Semanal'!$O$13+'Plan - Semanal'!$O$14+'Plan - Semanal'!$O$15+'Plan - Semanal'!$O$16 -> 0 | AR19: =AO19-AQ19 -> 2400 | AS19: =AR19/M19 -> 68.571429
A20: Marquilla - MELBOURNE MINT | B20: Marquilla SOFT - MELBOURNE MINT | C20: 300000 | D20: MARQUILLA | E20: 1200 | F20: CAJA PT | H20: 525000 | I20: MARQUILLA | K20: =(H20*E20)/C20 -> 2100 | M20: 20 | N20: =K20/M20 -> 105 | P20: =+'Plan - Semanal'!$C$17+'Plan - Semanal'!$C$18+'Plan - Semanal'!$C$19+'Plan - Semanal'!$C$20 -> 0 | Q20: =K20-P20 -> 2100 | R20: =Q20/$M20 -> 105 | S20: =+'Plan - Semanal'!$D$17+'Plan - Semanal'!$D$18+'Plan - Semanal'!$D$19+'Plan - Semanal'!$D$20 -> 0 | T20: =Q20-S20 -> 2100 | U20: =T20/$M20 -> 105 | V20: =+'Plan - Semanal'!$E$17+'Plan - Semanal'!$E$18+'Plan - Semanal'!$E$19+'Plan - Semanal'!$E$20 -> 0 | W20: =T20-V20 -> 2100 | X20: =W20/$M20 -> 105 | Y20: =+'Plan - Semanal'!$F$17+'Plan - Semanal'!$F$18+'Plan - Semanal'!$F$19+'Plan - Semanal'!$F$20 -> 0 | Z20: =W20-Y20 -> 2100 | AA20: =Z20/$M20 -> 105 | AB20: =+'Plan - Semanal'!$G$17+'Plan - Semanal'!$G$18+'Plan - Semanal'!$G$19+'Plan - Semanal'!$G$20 -> 0 | AC20: =Z20-AB20 -> 2100 | AD20: =AC20/$M20 -> 105 | AE20: =+'Plan - Semanal'!$H$17+'Plan - Semanal'!$H$18+'Plan - Semanal'!$H$19+'Plan - Semanal'!$H$20 -> 0 | AF20: =AC20-AE20 -> 2100 | AG20: =AF20/$M20 -> 105 | AH20: =+'Plan - Semanal'!$I$17+'Plan - Semanal'!$I$18+'Plan - Semanal'!$I$19+'Plan - Semanal'!$I$20 -> 0 | AI20: =AF20-AH20 -> 2100 | AJ20: =AI20/$M20 -> 105 | AK20: =+'Plan - Semanal'!$M$17+'Plan - Semanal'!$M$18+'Plan - Semanal'!$M$19+'Plan - Semanal'!$M$20 -> 0 | AL20: =AI20-AK20 -> 2100 | AM20: =AL20/$M20 -> 105 | AN20: =+'Plan - Semanal'!$N$17+'Plan - Semanal'!$N$18+'Plan - Semanal'!$N$19+'Plan - Semanal'!$N$20 -> 0 | AO20: =AL20-AN20 -> 2100 | AP20: =AO20/$M20 -> 105 | AQ20: =+'Plan - Semanal'!$O$17+'Plan - Semanal'!$O$18+'Plan - Semanal'!$O$19+'Plan - Semanal'!$O$20 -> 0 | AR20: =AO20-AQ20 -> 2100 | AS20: =AR20/M20 -> 105
A21: Marquilla - MILL | B21: Marquilla SOFT - MILL | C21: 300000 | D21: MARQUILLA | E21: 1200 | F21: CAJA PT | H21: 2175000 | I21: MARQUILLA | K21: =(H21*E21)/C21 -> 8700 | M21: 430 | N21: =K21/M21 -> 20.232558 | P21: =+'Plan - Semanal'!$C$21+'Plan - Semanal'!$C$22+'Plan - Semanal'!$C$23+'Plan - Semanal'!$C$24 -> 1200 | Q21: =K21-P21 -> 7500 | R21: =Q21/$M21 -> 17.44186 | S21: =+'Plan - Semanal'!$D$21+'Plan - Semanal'!$D$22+'Plan - Semanal'!$D$23+'Plan - Semanal'!$D$24 -> 1200 | T21: =Q21-S21 -> 6300 | U21: =T21/$M21 -> 14.651163 | V21: =+'Plan - Semanal'!$E$21+'Plan - Semanal'!$E$22+'Plan - Semanal'!$E$23+'Plan - Semanal'!$E$24 -> 1200 | W21: =T21-V21 -> 5100 | X21: =W21/$M21 -> 11.860465 | Y21: =+'Plan - Semanal'!$F$21+'Plan - Semanal'!$F$22+'Plan - Semanal'!$F$23+'Plan - Semanal'!$F$24 -> 0 | Z21: =W21-Y21 -> 5100 | AA21: =Z21/$M21 -> 11.860465 | AB21: =+'Plan - Semanal'!$G$21+'Plan - Semanal'!$G$22+'Plan - Semanal'!$G$23+'Plan - Semanal'!$G$24 -> 0 | AC21: =Z21-AB21 -> 5100 | AD21: =AC21/$M21 -> 11.860465 | AE21: =+'Plan - Semanal'!$H$21+'Plan - Semanal'!$H$22+'Plan - Semanal'!$H$23+'Plan - Semanal'!$H$24 -> 0 | AF21: =AC21-AE21 -> 5100 | AG21: =AF21/$M21 -> 11.860465 | AH21: =+'Plan - Semanal'!$I$21+'Plan - Semanal'!$I$22+'Plan - Semanal'!$I$23+'Plan - Semanal'!$I$24 -> 0 | AI21: =AF21-AH21 -> 5100 | AJ21: =AI21/$M21 -> 11.860465 | AK21: =+'Plan - Semanal'!$M$21+'Plan - Semanal'!$M$22+'Plan - Semanal'!$M$23+'Plan - Semanal'!$M$24 -> 0 | AL21: =AI21-AK21 -> 5100 | AM21: =AL21/$M21 -> 11.860465 | AN21: =+'Plan - Semanal'!$N$21+'Plan - Semanal'!$N$22+'Plan - Semanal'!$N$23+'Plan - Semanal'!$N$24 -> 0 | AO21: =AL21-AN21 -> 5100 | AP21: =AO21/$M21 -> 11.860465 | AQ21: =+'Plan - Semanal'!$O$21+'Plan - Semanal'!$O$22+'Plan - Semanal'!$O$23+'Plan - Semanal'!$O$24 -> 0 | AR21: =AO21-AQ21 -> 5100 | AS21: =AR21/M21 -> 11.860465
A22: Marquilla - MILL MINT | B22: Marquilla SOFT - MILL MINT | C22: 300000 | D22: MARQUILLA | E22: 1200 | F22: CAJA PT | H22: 300000 | I22: MARQUILLA | K22: =(H22*E22)/C22 -> 1200 | M22: 0 | N22: =K22/M22 -> #DIV/0! | P22: =+'Plan - Semanal'!C49+'Plan - Semanal'!C50+'Plan - Semanal'!C51+'Plan - Semanal'!C52 -> 0 | Q22: =K22-P22 -> 1200 | R22: =Q22/$M22 -> #DIV/0! | S22: =+'Plan - Semanal'!D49+'Plan - Semanal'!D50+'Plan - Semanal'!D51+'Plan - Semanal'!D52 -> 0 | T22: =Q22-S22 -> 1200 | U22: =T22/$M22 -> #DIV/0! | V22: =+'Plan - Semanal'!E49+'Plan - Semanal'!E50+'Plan - Semanal'!E51+'Plan - Semanal'!E52 -> 0 | W22: =T22-V22 -> 1200 | X22: =W22/$M22 -> #DIV/0! | Y22: =+'Plan - Semanal'!F49+'Plan - Semanal'!F50+'Plan - Semanal'!F51+'Plan - Semanal'!F52 -> 0 | Z22: =W22-Y22 -> 1200 | AA22: =Z22/$M22 -> #DIV/0! | AB22: =+'Plan - Semanal'!G49+'Plan - Semanal'!G50+'Plan - Semanal'!G51+'Plan - Semanal'!G52 -> 0 | AC22: =Z22-AB22 -> 1200 | AD22: =AC22/$M22 -> #DIV/0! | AE22: =+'Plan - Semanal'!H49+'Plan - Semanal'!H50+'Plan - Semanal'!H51+'Plan - Semanal'!H52 -> 0 | AF22: =AC22-AE22 -> 1200 | AG22: =AF22/$M22 -> #DIV/0! | AH22: =+'Plan - Semanal'!I49+'Plan - Semanal'!I50+'Plan - Semanal'!I51+'Plan - Semanal'!I52 -> 0 | AI22: =AF22-AH22 -> 1200 | AJ22: =AI22/$M22 -> #DIV/0! | AK22: =+'Plan - Semanal'!M49+'Plan - Semanal'!M50+'Plan - Semanal'!M51+'Plan - Semanal'!M52 -> 0 | AL22: =AI22-AK22 -> 1200 | AM22: =AL22/$M22 -> #DIV/0! | AN22: =+'Plan - Semanal'!N49+'Plan - Semanal'!N50+'Plan - Semanal'!N51+'Plan - Semanal'!N52 -> 0 | AO22: =AL22-AN22 -> 1200 | AP22: =AO22/$M22 -> #DIV/0! | AQ22: =+'Plan - Semanal'!O49+'Plan - Semanal'!O50+'Plan - Semanal'!O51+'Plan - Semanal'!O52 -> 0 | AR22: =AO22-AQ22 -> 1200 | AS22: =AR22/M22 -> #DIV/0!
A23: Marquilla - BOLD FULL | B23: Marquilla - BOLD FULL | C23: 300000 | D23: MARQUILLA | E23: =(C23*1)/250 -> 1200 | F23: CAJA PT | H23: 2100000 | I23: MARQUILLA | K23: =(H23*E23)/C23 -> 8400 | M23: 465 | N23: =K23/M23 -> 18.064516 | P23: =+'Plan - Semanal'!$C$29+'Plan - Semanal'!$C$30+'Plan - Semanal'!$C$31+'Plan - Semanal'!$C$32 -> 0 | Q23: =K23-P23 -> 8400 | R23: =Q23/$M23 -> 18.064516 | S23: =+'Plan - Semanal'!$D$29+'Plan - Semanal'!$D$30+'Plan - Semanal'!$D$31+'Plan - Semanal'!$D$32 -> 0 | T23: =Q23-S23 -> 8400 | U23: =T23/$M23 -> 18.064516 | V23: =+'Plan - Semanal'!$E$29+'Plan - Semanal'!$E$30+'Plan - Semanal'!$E$31+'Plan - Semanal'!$E$32 -> 0 | W23: =T23-V23 -> 8400 | X23: =W23/$M23 -> 18.064516 | Y23: =+'Plan - Semanal'!$F$29+'Plan - Semanal'!$F$30+'Plan - Semanal'!$F$31+'Plan - Semanal'!$F$32 -> 1200 | Z23: =W23-Y23 -> 7200 | AA23: =Z23/$M23 -> 15.483871 | AB23: =+'Plan - Semanal'!$G$29+'Plan - Semanal'!$G$30+'Plan - Semanal'!$G$31+'Plan - Semanal'!$G$32 -> 1200 | AC23: =Z23-AB23 -> 6000 | AD23: =AC23/$M23 -> 12.903226 | AE23: =+'Plan - Semanal'!$H$29+'Plan - Semanal'!$H$30+'Plan - Semanal'!$H$31+'Plan - Semanal'!$H$32 -> 0 | AF23: =AC23-AE23 -> 6000 | AG23: =AF23/$M23 -> 12.903226 | AH23: =+'Plan - Semanal'!$I$29+'Plan - Semanal'!$I$30+'Plan - Semanal'!$I$31+'Plan - Semanal'!$I$32 -> 0 | AI23: =AF23-AH23 -> 6000 | AJ23: =AI23/$M23 -> 12.903226 | AK23: =+'Plan - Semanal'!$M$29+'Plan - Semanal'!$M$30+'Plan - Semanal'!$M$31+'Plan - Semanal'!$M$32 -> 0 | AL23: =AI23-AK23 -> 6000 | AM23: =AL23/$M23 -> 12.903226 | AN23: =+'Plan - Semanal'!$N$29+'Plan - Semanal'!$N$30+'Plan - Semanal'!$N$31+'Plan - Semanal'!$N$32 -> 0 | AO23: =AL23-AN23 -> 6000 | AP23: =AO23/$M23 -> 12.903226 | AQ23: =+'Plan - Semanal'!$O$29+'Plan - Semanal'!$O$30+'Plan - Semanal'!$O$31+'Plan - Semanal'!$O$32 -> 0 | AR23: =AO23-AQ23 -> 6000 | AS23: =AR23/M23 -> 12.903226
A24: Marquilla - BOLD MINT | B24: Marquilla - BOLD MINT | C24: 300000 | D24: MARQUILLA | E24: =(C24*1)/250 -> 1200 | F24: CAJA PT | H24: 300000 | I24: MARQUILLA | K24: =(H24*E24)/C24 -> 1200 | M24: 0 | N24: =K24/M24 -> #DIV/0! | P24: =+'Plan - Semanal'!$C$33+'Plan - Semanal'!$C$34+'Plan - Semanal'!$C$35+'Plan - Semanal'!$C$36 -> 0 | Q24: =K24-P24 -> 1200 | R24: =Q24/$M24 -> #DIV/0! | S24: =+'Plan - Semanal'!$D$33+'Plan - Semanal'!$D$34+'Plan - Semanal'!$D$35+'Plan - Semanal'!$D$36 -> 0 | T24: =Q24-S24 -> 1200 | U24: =T24/$M24 -> #DIV/0! | V24: =+'Plan - Semanal'!$E$33+'Plan - Semanal'!$E$34+'Plan - Semanal'!$E$35+'Plan - Semanal'!$E$36 -> 0 | W24: =T24-V24 -> 1200 | X24: =W24/$M24 -> #DIV/0! | Y24: =+'Plan - Semanal'!$F$33+'Plan - Semanal'!$F$34+'Plan - Semanal'!$F$35+'Plan - Semanal'!$F$36 -> 0 | Z24: =W24-Y24 -> 1200 | AA24: =Z24/$M24 -> #DIV/0! | AB24: =+'Plan - Semanal'!$G$33+'Plan - Semanal'!$G$34+'Plan - Semanal'!$G$35+'Plan - Semanal'!$G$36 -> 0 | AC24: =Z24-AB24 -> 1200 | AD24: =AC24/$M24 -> #DIV/0! | AE24: =+'Plan - Semanal'!$H$33+'Plan - Semanal'!$H$34+'Plan - Semanal'!$H$35+'Plan - Semanal'!$H$36 -> 0 | AF24: =AC24-AE24 -> 1200 | AG24: =AF24/$M24 -> #DIV/0! | AH24: =+'Plan - Semanal'!$I$33+'Plan - Semanal'!$I$34+'Plan - Semanal'!$I$35+'Plan - Semanal'!$I$36 -> 0 | AI24: =AF24-AH24 -> 1200 | AJ24: =AI24/$M24 -> #DIV/0! | AK24: =+'Plan - Semanal'!$M$33+'Plan - Semanal'!$M$34+'Plan - Semanal'!$M$35+'Plan - Semanal'!$M$36 -> 0 | AL24: =AI24-AK24 -> 1200 | AM24: =AL24/$M24 -> #DIV/0! | AN24: =+'Plan - Semanal'!$N$33+'Plan - Semanal'!$N$34+'Plan - Semanal'!$N$35+'Plan - Semanal'!$N$36 -> 0 | AO24: =AL24-AN24 -> 1200 | AP24: =AO24/$M24 -> #DIV/0! | AQ24: =+'Plan - Semanal'!$O$33+'Plan - Semanal'!$O$34+'Plan - Semanal'!$O$35+'Plan - Semanal'!$O$36 -> 0 | AR24: =AO24-AQ24 -> 1200 | AS24: =AR24/M24 -> #DIV/0!
A25: Marquilla - MILENIO RED | B25: Marquilla BOX - MILENIO RED | C25: 120000 | D25: MARQUILLA | E25: =(C25*1)/250 -> 480 | F25: CAJA PT | H25: 1924000 | I25: MARQUILLA | K25: =(H25*E25)/C25 -> 7696 | M25: 240 | N25: =K25/M25 -> 32.066667 | P25: ='Plan - Semanal'!$C$41+'Plan - Semanal'!$C$42+'Plan - Semanal'!$C$43+'Plan - Semanal'!$C$44 -> 700 | Q25: =K25-P25 -> 6996 | R25: =Q25/$M25 -> 29.15 | S25: =+'Plan - Semanal'!$D$41+'Plan - Semanal'!$D$42+'Plan - Semanal'!$D$43+'Plan - Semanal'!$D$44 -> 700 | T25: =Q25-S25 -> 6296 | U25: =T25/$M25 -> 26.233333 | V25: =+'Plan - Semanal'!$E$41+'Plan - Semanal'!$E$42+'Plan - Semanal'!$E$43+'Plan - Semanal'!$E$44 -> 700 | W25: =T25-V25 -> 5596 | X25: =W25/$M25 -> 23.316667 | Y25: =+'Plan - Semanal'!$F$41+'Plan - Semanal'!$F$42+'Plan - Semanal'!$F$43+'Plan - Semanal'!$F$44 -> 500 | Z25: =W25-Y25 -> 5096 | AA25: =Z25/$M25 -> 21.233333 | AB25: =+'Plan - Semanal'!$G$41+'Plan - Semanal'!$G$42+'Plan - Semanal'!$G$43+'Plan - Semanal'!$G$44 -> 0 | AC25: =Z25-AB25 -> 5096 | AD25: =AC25/$M25 -> 21.233333 | AE25: =+'Plan - Semanal'!$H$41+'Plan - Semanal'!$H$42+'Plan - Semanal'!$H$43+'Plan - Semanal'!$H$44 -> 0 | AF25: =AC25-AE25 -> 5096 | AG25: =AF25/$M25 -> 21.233333 | AH25: =+'Plan - Semanal'!$I$41+'Plan - Semanal'!$I$42+'Plan - Semanal'!$I$43+'Plan - Semanal'!$I$44 -> 0 | AI25: =AF25-AH25 -> 5096 | AJ25: =AI25/$M25 -> 21.233333 | AK25: =+'Plan - Semanal'!$M$41+'Plan - Semanal'!$M$42+'Plan - Semanal'!$M$43+'Plan - Semanal'!$M$44 -> 0 | AL25: =AI25-AK25 -> 5096 | AM25: =AL25/$M25 -> 21.233333 | AN25: =+'Plan - Semanal'!$N$41+'Plan - Semanal'!$N$42+'Plan - Semanal'!$N$43+'Plan - Semanal'!$N$44 -> 0 | AO25: =AL25-AN25 -> 5096 | AP25: =AO25/$M25 -> 21.233333 | AQ25: =+'Plan - Semanal'!$O$41+'Plan - Semanal'!$O$42+'Plan - Semanal'!$O$43+'Plan - Semanal'!$O$44 -> 0 | AR25: =AO25-AQ25 -> 5096 | AS25: =AR25/M25 -> 21.233333
A26: Marquilla - MILENIO GOLD | B26: Marquilla BOX - MILENIO GOLD | C26: 120000 | D26: MARQUILLA | E26: =(C26*1)/250 -> 480 | F26: CAJA PT | H26: 240000 | I26: MARQUILLA | K26: =(H26*E26)/C26 -> 960 | M26: 25 | N26: =K26/M26 -> 38.4 | P26: =+'Plan - Semanal'!$C$45+'Plan - Semanal'!$C$46+'Plan - Semanal'!$C$47+'Plan - Semanal'!$C$48 -> 0 | Q26: =K26-P26 -> 960 | R26: =Q26/$M26 -> 38.4 | S26: =+'Plan - Semanal'!$D$45+'Plan - Semanal'!$D$46+'Plan - Semanal'!$D$47+'Plan - Semanal'!$D$48 -> 0 | T26: =Q26-S26 -> 960 | U26: =T26/$M26 -> 38.4 | V26: =+'Plan - Semanal'!$E$45+'Plan - Semanal'!$E$46+'Plan - Semanal'!$E$47+'Plan - Semanal'!$E$48 -> 0 | W26: =T26-V26 -> 960 | X26: =W26/$M26 -> 38.4 | Y26: =+'Plan - Semanal'!$F$45+'Plan - Semanal'!$F$46+'Plan - Semanal'!$F$47+'Plan - Semanal'!$F$48 -> 0 | Z26: =W26-Y26 -> 960 | AA26: =Z26/$M26 -> 38.4 | AB26: =+'Plan - Semanal'!$G$45+'Plan - Semanal'!$G$46+'Plan - Semanal'!$G$47+'Plan - Semanal'!$G$48 -> 0 | AC26: =Z26-AB26 -> 960 | AD26: =AC26/$M26 -> 38.4 | AE26: =+'Plan - Semanal'!$H$45+'Plan - Semanal'!$H$46+'Plan - Semanal'!$H$47+'Plan - Semanal'!$H$48 -> 0 | AF26: =AC26-AE26 -> 960 | AG26: =AF26/$M26 -> 38.4 | AH26: =+'Plan - Semanal'!$I$45+'Plan - Semanal'!$I$46+'Plan - Semanal'!$I$47+'Plan - Semanal'!$I$48 -> 0 | AI26: =AF26-AH26 -> 960 | AJ26: =AI26/$M26 -> 38.4 | AK26: =+'Plan - Semanal'!$M$45+'Plan - Semanal'!$M$46+'Plan - Semanal'!$M$47+'Plan - Semanal'!$M$48 -> 0 | AL26: =AI26-AK26 -> 960 | AM26: =AL26/$M26 -> 38.4 | AN26: =+'Plan - Semanal'!$N$45+'Plan - Semanal'!$N$46+'Plan - Semanal'!$N$47+'Plan - Semanal'!$N$48 -> 0 | AO26: =AL26-AN26 -> 960 | AP26: =AO26/$M26 -> 38.4 | AQ26: =+'Plan - Semanal'!$O$45+'Plan - Semanal'!$O$46+'Plan - Semanal'!$O$47+'Plan - Semanal'!$O$48 -> 0 | AR26: =AO26-AQ26 -> 960 | AS26: =AR26/M26 -> 38.4
A27: Marquilla - MILENIO MINT | B27: Marquilla BOX - MILENIO MINT | C27: 120000 | D27: MARQUILLA | E27: =(C27*1)/250 -> 480 | F27: CAJA PT | H27: 720000 | I27: MARQUILLA | K27: =(H27*E27)/C27 -> 2880 | M27: 35 | N27: =K27/M27 -> 82.285714 | P27: =+'Plan - Semanal'!$C$49+'Plan - Semanal'!$C$50+'Plan - Semanal'!$C$51+'Plan - Semanal'!$C$52 -> 0 | Q27: =K27-P27 -> 2880 | R27: =Q27/$M27 -> 82.285714 | S27: =+'Plan - Semanal'!$D$49+'Plan - Semanal'!$D$50+'Plan - Semanal'!$D$51+'Plan - Semanal'!$D$52 -> 0 | T27: =Q27-S27 -> 2880 | U27: =T27/$M27 -> 82.285714 | V27: =+'Plan - Semanal'!$E$49+'Plan - Semanal'!$E$50+'Plan - Semanal'!$E$51+'Plan - Semanal'!$E$52 -> 0 | W27: =T27-V27 -> 2880 | X27: =W27/$M27 -> 82.285714 | Y27: =+'Plan - Semanal'!$F$49+'Plan - Semanal'!$F$50+'Plan - Semanal'!$F$51+'Plan - Semanal'!$F$52 -> 0 | Z27: =W27-Y27 -> 2880 | AA27: =Z27/$M27 -> 82.285714 | AB27: =+'Plan - Semanal'!$G$49+'Plan - Semanal'!$G$50+'Plan - Semanal'!$G$51+'Plan - Semanal'!$G$52 -> 0 | AC27: =Z27-AB27 -> 2880 | AD27: =AC27/$M27 -> 82.285714 | AE27: =+'Plan - Semanal'!$H$49+'Plan - Semanal'!$H$50+'Plan - Semanal'!$H$51+'Plan - Semanal'!$H$52 -> 0 | AF27: =AC27-AE27 -> 2880 | AG27: =AF27/$M27 -> 82.285714 | AH27: =+'Plan - Semanal'!$I$49+'Plan - Semanal'!$I$50+'Plan - Semanal'!$I$51+'Plan - Semanal'!$I$52 -> 0 | AI27: =AF27-AH27 -> 2880 | AJ27: =AI27/$M27 -> 82.285714 | AK27: =+'Plan - Semanal'!$M$49+'Plan - Semanal'!$M$50+'Plan - Semanal'!$M$51+'Plan - Semanal'!$M$52 -> 0 | AL27: =AI27-AK27 -> 2880 | AM27: =AL27/$M27 -> 82.285714 | AN27: =+'Plan - Semanal'!$N$49+'Plan - Semanal'!$N$50+'Plan - Semanal'!$N$51+'Plan - Semanal'!$N$52 -> 0 | AO27: =AL27-AN27 -> 2880 | AP27: =AO27/$M27 -> 82.285714 | AQ27: =+'Plan - Semanal'!$O$49+'Plan - Semanal'!$O$50+'Plan - Semanal'!$O$51+'Plan - Semanal'!$O$52 -> 0 | AR27: =AO27-AQ27 -> 2880 | AS27: =AR27/M27 -> 82.285714
A28: Marquilla - MILENIO ICERGY | B28: Marquilla BOX - MILENIO ICERGY | C28: 144000 | D28: MARQUILLA | E28: =(C28*1)/250 -> 576 | F28: CAJA PT | H28: 144000 | I28: MARQUILLA | K28: =(H28*E28)/C28 -> 576 | M28: 200 | N28: =K28/M28 -> 2.88 | P28: =+'Plan - Semanal'!$C$53+'Plan - Semanal'!$C$54+'Plan - Semanal'!$C$55+'Plan - Semanal'!$C$56 -> 0 | Q28: =K28-P28 -> 576 | R28: =Q28/$M28 -> 2.88 | S28: =+'Plan - Semanal'!$D$53+'Plan - Semanal'!$D$54+'Plan - Semanal'!$D$55+'Plan - Semanal'!$D$56 -> 0 | T28: =Q28-S28 -> 576 | U28: =T28/$M28 -> 2.88 | V28: =+'Plan - Semanal'!$E$53+'Plan - Semanal'!$E$54+'Plan - Semanal'!$E$55+'Plan - Semanal'!$E$56 -> 0 | W28: =T28-V28 -> 576 | X28: =W28/$M28 -> 2.88 | Y28: =+'Plan - Semanal'!$F$53+'Plan - Semanal'!$F$54+'Plan - Semanal'!$F$55+'Plan - Semanal'!$F$56 -> 0 | Z28: =W28-Y28 -> 576 | AA28: =Z28/$M28 -> 2.88 | AB28: =+'Plan - Semanal'!$G$53+'Plan - Semanal'!$G$54+'Plan - Semanal'!$G$55+'Plan - Semanal'!$G$56 -> 0 | AC28: =Z28-AB28 -> 576 | AD28: =AC28/$M28 -> 2.88 | AE28: =+'Plan - Semanal'!$H$53+'Plan - Semanal'!$H$54+'Plan - Semanal'!$H$55+'Plan - Semanal'!$H$56 -> 700 | AF28: =AC28-AE28 -> -124 | AG28: =AF28/$M28 -> -0.62 | AH28: =+'Plan - Semanal'!$I$53+'Plan - Semanal'!$I$54+'Plan - Semanal'!$I$55+'Plan - Semanal'!$I$56 -> 0 | AI28: =AF28-AH28 -> -124 | AJ28: =AI28/$M28 -> -0.62 | AK28: =+'Plan - Semanal'!$M$53+'Plan - Semanal'!$M$54+'Plan - Semanal'!$M$55+'Plan - Semanal'!$M$56 -> 0 | AL28: =AI28-AK28 -> -124 | AM28: =AL28/$M28 -> -0.62 | AN28: =+'Plan - Semanal'!$N$53+'Plan - Semanal'!$N$54+'Plan - Semanal'!$N$55+'Plan - Semanal'!$N$56 -> 0 | AO28: =AL28-AN28 -> -124 | AP28: =AO28/$M28 -> -0.62 | AQ28: =+'Plan - Semanal'!$O$53+'Plan - Semanal'!$O$54+'Plan - Semanal'!$O$55+'Plan - Semanal'!$O$56 -> 0 | AR28: =AO28-AQ28 -> -124 | AS28: =AR28/M28 -> -0.62
A29: Marquilla - MILENIO VID ICE | B29: Marquilla BOX - MILENIO VID ICE | C29: 120000 | D29: MARQUILLA | E29: =(C29*1)/250 -> 480 | F29: CAJA PT | H29: 1128000 | I29: MARQUILLA | K29: =(H29*E29)/C29 -> 4512 | M29: 125 | N29: =K29/M29 -> 36.096 | P29: =+'Plan - Semanal'!$C$57+'Plan - Semanal'!$C$58+'Plan - Semanal'!$C$59+'Plan - Semanal'!$C$60 -> 0 | Q29: =K29-P29 -> 4512 | R29: =Q29/$M29 -> 36.096 | S29: =+'Plan - Semanal'!$D$57+'Plan - Semanal'!$D$58+'Plan - Semanal'!$D$59+'Plan - Semanal'!$D$60 -> 0 | T29: =Q29-S29 -> 4512 | U29: =T29/$M29 -> 36.096 | V29: =+'Plan - Semanal'!$D$57+'Plan - Semanal'!$D$58+'Plan - Semanal'!$D$59+'Plan - Semanal'!$D$60 -> 0 | W29: =T29-V29 -> 4512 | X29: =W29/$M29 -> 36.096 | Y29: =+'Plan - Semanal'!$F$57+'Plan - Semanal'!$F$58+'Plan - Semanal'!$F$59+'Plan - Semanal'!$F$60 -> 0 | Z29: =W29-Y29 -> 4512 | AA29: =Z29/$M29 -> 36.096 | AB29: =+'Plan - Semanal'!$G$57+'Plan - Semanal'!$G$58+'Plan - Semanal'!$G$59+'Plan - Semanal'!$G$60 -> 0 | AC29: =Z29-AB29 -> 4512 | AD29: =AC29/$M29 -> 36.096 | AE29: =+'Plan - Semanal'!$H$57+'Plan - Semanal'!$H$58+'Plan - Semanal'!$H$59+'Plan - Semanal'!$H$60 -> 0 | AF29: =AC29-AE29 -> 4512 | AG29: =AF29/$M29 -> 36.096 | AH29: =+'Plan - Semanal'!$I$57+'Plan - Semanal'!$I$58+'Plan - Semanal'!$I$59+'Plan - Semanal'!$I$60 -> 0 | AI29: =AF29-AH29 -> 4512 | AJ29: =AI29/$M29 -> 36.096 | AK29: =+'Plan - Semanal'!$M$57+'Plan - Semanal'!$M$58+'Plan - Semanal'!$M$59+'Plan - Semanal'!$M$60 -> 0 | AL29: =AI29-AK29 -> 4512 | AM29: =AL29/$M29 -> 36.096 | AN29: =+'Plan - Semanal'!$N$57+'Plan - Semanal'!$N$58+'Plan - Semanal'!$N$59+'Plan - Semanal'!$N$60 -> 0 | AO29: =AL29-AN29 -> 4512 | AP29: =AO29/$M29 -> 36.096 | AQ29: =+'Plan - Semanal'!$O$57+'Plan - Semanal'!$O$58+'Plan - Semanal'!$O$59+'Plan - Semanal'!$O$60 -> 0 | AR29: =AO29-AQ29 -> 4512 | AS29: =AR29/M29 -> 36.096
A30: Marquilla - MILENIO PINK WAVE MINTZ | B30: Marquilla BOX - MILENIO PINK WAVE MINTZ | C30: 144000 | D30: MARQUILLA | E30: =(C30*1)/250 -> 576 | F30: CAJA PT | H30: 912000 | I30: MARQUILLA | K30: =(H30*E30)/C30 -> 3648 | M30: 40 | N30: =K30/M30 -> 91.2 | P30: =+'Plan - Semanal'!$C$61+'Plan - Semanal'!$C$62+'Plan - Semanal'!$C$63+'Plan - Semanal'!$C$64 -> 0 | Q30: =K30-P30 -> 3648 | R30: =Q30/$M30 -> 91.2 | S30: =+'Plan - Semanal'!$D$61+'Plan - Semanal'!$D$62+'Plan - Semanal'!$D$63+'Plan - Semanal'!$D$64 -> 0 | T30: =Q30-S30 -> 3648 | U30: =T30/$M30 -> 91.2 | V30: =+'Plan - Semanal'!$E$61+'Plan - Semanal'!$E$62+'Plan - Semanal'!$E$63+'Plan - Semanal'!$E$64 -> 0 | W30: =T30-V30 -> 3648 | X30: =W30/$M30 -> 91.2 | Y30: =+'Plan - Semanal'!$F$61+'Plan - Semanal'!$F$62+'Plan - Semanal'!$F$63+'Plan - Semanal'!$F$64 -> 200 | Z30: =W30-Y30 -> 3448 | AA30: =Z30/$M30 -> 86.2 | AB30: =+'Plan - Semanal'!$G$61+'Plan - Semanal'!$G$62+'Plan - Semanal'!$G$63+'Plan - Semanal'!$G$64 -> 0 | AC30: =Z30-AB30 -> 3448 | AD30: =AC30/$M30 -> 86.2 | AE30: =+'Plan - Semanal'!$H$61+'Plan - Semanal'!$H$62+'Plan - Semanal'!$H$63+'Plan - Semanal'!$H$64 -> 0 | AF30: =AC30-AE30 -> 3448 | AG30: =AF30/$M30 -> 86.2 | AH30: =+'Plan - Semanal'!$I$61+'Plan - Semanal'!$I$62+'Plan - Semanal'!$I$63+'Plan - Semanal'!$I$64 -> 0 | AI30: =AF30-AH30 -> 3448 | AJ30: =AI30/$M30 -> 86.2 | AK30: =+'Plan - Semanal'!$M$61+'Plan - Semanal'!$M$62+'Plan - Semanal'!$M$63+'Plan - Semanal'!$M$64 -> 0 | AL30: =AI30-AK30 -> 3448 | AM30: =AL30/$M30 -> 86.2 | AN30: =+'Plan - Semanal'!$N$61+'Plan - Semanal'!$N$62+'Plan - Semanal'!$N$63+'Plan - Semanal'!$N$64 -> 0 | AO30: =AL30-AN30 -> 3448 | AP30: =AO30/$M30 -> 86.2 | AQ30: =+'Plan - Semanal'!$O$61+'Plan - Semanal'!$O$62+'Plan - Semanal'!$O$63+'Plan - Semanal'!$O$64 -> 0 | AR30: =AO30-AQ30 -> 3448 | AS30: =AR30/M30 -> 86.2
A31: Marquilla - MILL EXPLOSION | B31: Marquilla BOX - Mill Explosion | C31: 120000 | D31: MARQUILLA | E31: =(C31*1)/250 -> 480 | F31: CAJA PT | H31: 878500 | I31: MARQUILLA | K31: =(H31*E31)/C31 -> 3514 | M31: 75 | N31: =K31/M31 -> 46.853333 | P31: =+'Plan - Semanal'!$C$65+'Plan - Semanal'!$C$66+'Plan - Semanal'!$C$67+'Plan - Semanal'!$C$68 -> 0 | Q31: =K31-P31 -> 3514 | R31: =Q31/$M31 -> 46.853333 | S31: =+'Plan - Semanal'!$D$65+'Plan - Semanal'!$D$66+'Plan - Semanal'!$D$67+'Plan - Semanal'!$D$68 -> 0 | T31: =Q31-S31 -> 3514 | U31: =T31/$M31 -> 46.853333 | V31: =+'Plan - Semanal'!$E$65+'Plan - Semanal'!$E$66+'Plan - Semanal'!$E$67+'Plan - Semanal'!$E$68 -> 0 | W31: =T31-V31 -> 3514 | X31: =W31/$M31 -> 46.853333 | Y31: =+'Plan - Semanal'!$F$65+'Plan - Semanal'!$F$66+'Plan - Semanal'!$F$67+'Plan - Semanal'!$F$68 -> 0 | Z31: =W31-Y31 -> 3514 | AA31: =Z31/$M31 -> 46.853333 | AB31: =+'Plan - Semanal'!$G$65+'Plan - Semanal'!$G$66+'Plan - Semanal'!$G$67+'Plan - Semanal'!$G$68 -> 700 | AC31: =Z31-AB31 -> 2814 | AD31: =AC31/$M31 -> 37.52 | AE31: =+'Plan - Semanal'!$H$65+'Plan - Semanal'!$H$66+'Plan - Semanal'!$H$67+'Plan - Semanal'!$H$68 -> 0 | AF31: =AC31-AE31 -> 2814 | AG31: =AF31/$M31 -> 37.52 | AH31: =+'Plan - Semanal'!$I$65+'Plan - Semanal'!$I$66+'Plan - Semanal'!$I$67+'Plan - Semanal'!$I$68 -> 0 | AI31: =AF31-AH31 -> 2814 | AJ31: =AI31/$M31 -> 37.52 | AK31: =+'Plan - Semanal'!$M$65+'Plan - Semanal'!$M$66+'Plan - Semanal'!$M$67+'Plan - Semanal'!$M$68 -> 0 | AL31: =AI31-AK31 -> 2814 | AM31: =AL31/$M31 -> 37.52 | AN31: =+'Plan - Semanal'!$N$65+'Plan - Semanal'!$N$66+'Plan - Semanal'!$N$67+'Plan - Semanal'!$N$68 -> 0 | AO31: =AL31-AN31 -> 2814 | AP31: =AO31/$M31 -> 37.52 | AQ31: =+'Plan - Semanal'!$O$65+'Plan - Semanal'!$O$66+'Plan - Semanal'!$O$67+'Plan - Semanal'!$O$68 -> 0 | AR31: =AO31-AQ31 -> 2814 | AS31: =AR31/M31 -> 37.52
A32: Refuerzo-BLANCO - MILENIO'S | B32: Cartulina de Refuerzo para formato BOX - MILENIO RED/GOLD/MINT | C32: 1 | D32: BOBINA | E32: 60 | F32: CAJA PT | H32: 109 | I32: BOBINA | K32: =(H32*E32)/C32 -> 6540 | M32: 300 | N32: =K32/M32 -> 21.8 | P32: =P10+P11+P12 -> 700 | Q32: =K32-P32 -> 5840 | R32: =Q32/$M32 -> 19.466667 | S32: =S10+S11+S12 -> 700 | T32: =Q32-S32 -> 5140 | U32: =T32/$M32 -> 17.133333 | V32: =V10+V11+V12 -> 700 | W32: =T32-V32 -> 4440 | X32: =W32/$M32 -> 14.8 | Y32: =Y10+Y11+Y12 -> 500 | Z32: =W32-Y32 -> 3940 | AA32: =Z32/$M32 -> 13.133333 | AB32: =AB10+AB11+AB12 -> 0 | AC32: =Z32-AB32 -> 3940 | AD32: =AC32/$M32 -> 13.133333 | AE32: =AE10+AE11+AE12 -> 0 | AF32: =AC32-AE32 -> 3940 | AG32: =AF32/$M32 -> 13.133333 | AH32: =AH10+AH11+AH12 -> 0 | AI32: =AF32-AH32 -> 3940 | AJ32: =AI32/$M32 -> 13.133333 | AK32: =AK10+AK11+AK12 -> 0 | AL32: =AI32-AK32 -> 3940 | AM32: =AL32/$M32 -> 13.133333 | AN32: =AN10+AN11+AN12 -> 0 | AO32: =AL32-AN32 -> 3940 | AP32: =AO32/$M32 -> 13.133333 | AQ32: =AQ10+AQ11+AQ12 -> 0 | AR32: =AO32-AQ32 -> 3940 | AS32: =AR32/M32 -> 13.133333
A33: Refuerzo - NEGRO - MILENIO'S-MILL | B33: Cartulina de Refuerzo para formato BOX - MILENIO ICERGY/VID ICE/PINK WAVE MINTZ/MILL EXPLOSION | C33: 1 | D33: BOBINA | E33: 60 | F33: CAJA PT | H33: 255 | I33: BOBINA | K33: =(H33*E33)/C33 -> 15300 | M33: 440 | N33: =K33/M33 -> 34.772727 | P33: =+P13 -> 0 | Q33: =K33-P33 -> 15300 | R33: =Q33/$M33 -> 34.772727 | S33: =+S13 -> 0 | T33: =Q33-S33 -> 15300 | U33: =T33/$M33 -> 34.772727 | V33: =+V13 -> 0 | W33: =T33-V33 -> 15300 | X33: =W33/$M33 -> 34.772727 | Y33: =+Y13 -> 0 | Z33: =W33-Y33 -> 15300 | AA33: =Z33/$M33 -> 34.772727 | AB33: =+AB13 -> 0 | AC33: =Z33-AB33 -> 15300 | AD33: =AC33/$M33 -> 34.772727 | AE33: =+AE13 -> 700 | AF33: =AC33-AE33 -> 14600 | AG33: =AF33/$M33 -> 33.181818 | AH33: =+AH13 -> 0 | AI33: =AF33-AH33 -> 14600 | AJ33: =AI33/$M33 -> 33.181818 | AK33: =+AK13 -> 0 | AL33: =AI33-AK33 -> 14600 | AM33: =AL33/$M33 -> 33.181818 | AN33: =+AN13 -> 0 | AO33: =AL33-AN33 -> 14600 | AP33: =AO33/$M33 -> 33.181818 | AQ33: =+AQ13 -> 0 | AR33: =AO33-AQ33 -> 14600 | AS33: =AR33/M33 -> 33.181818
A34: Poly para SOFT (117) BOPP | B34: Poly para Linea MELBOURNE-MILL-BOLD | C34: 1 | D34: BOBINA | E34: 70 | F34: CAJA PT | H34: 222 | I34: BOBINA | K34: =(H34*E34)/C34 -> 15540 | M34: 1200 | N34: =K34/M34 -> 12.95 | P34: =+P3+P4+P5+P6+P8+P9 -> 1200 | Q34: =K34-P34 -> 14340 | R34: =Q34/$M34 -> 11.95 | S34: =+S3+S4+S5+S6+S8+S9 -> 1200 | T34: =Q34-S34 -> 13140 | U34: =T34/$M34 -> 10.95 | V34: =+V3+V4+V5+V6+V8+V9 -> 1200 | W34: =T34-V34 -> 11940 | X34: =W34/$M34 -> 9.95 | Y34: =+Y3+Y4+Y5+Y6+Y8+Y9 -> 1200 | Z34: =W34-Y34 -> 10740 | AA34: =Z34/$M34 -> 8.95 | AB34: =+AB3+AB4+AB5+AB6+AB8+AB9 -> 1200 | AC34: =Z34-AB34 -> 9540 | AD34: =AC34/$M34 -> 7.95 | AE34: =+AE3+AE4+AE5+AE6+AE8+AE9 -> 0 | AF34: =AC34-AE34 -> 9540 | AG34: =AF34/$M34 -> 7.95 | AH34: =+AH3+AH4+AH5+AH6+AH8+AH9 -> 0 | AI34: =AF34-AH34 -> 9540 | AJ34: =AI34/$M34 -> 7.95 | AK34: =+AK3+AK4+AK5+AK6+AK8+AK9 -> 0 | AL34: =AI34-AK34 -> 9540 | AM34: =AL34/$M34 -> 7.95 | AN34: =+AN3+AN4+AN5+AN6+AN8+AN9 -> 0 | AO34: =AL34-AN34 -> 9540 | AP34: =AO34/$M34 -> 7.95 | AQ34: =+AQ3+AQ4+AQ5+AQ6+AQ8+AQ9 -> 0 | AR34: =AO34-AQ34 -> 9540 | AS34: =AR34/M34 -> 7.95
A35: Poly para BOX (121) POLO BRASIL | B35: Poly para Linea MILENIO'S-MILL | C35: 1 | D35: BOBINA | E35: 60 | F35: CAJA PT | H35: 325 | I35: BOBINA | K35: =(H35*E35)/C35 -> 19500 | M35: 800 | N35: =K35/M35 -> 24.375 | P35: =+P10+P11+P12+P13 -> 700 | Q35: =K35-P35 -> 18800 | R35: =Q35/$M35 -> 23.5 | S35: =+S10+S11+S12+S13 -> 700 | T35: =Q35-S35 -> 18100 | U35: =T35/$M35 -> 22.625 | V35: =+V10+V11+V12+V13 -> 700 | W35: =T35-V35 -> 17400 | X35: =W35/$M35 -> 21.75 | Y35: =+Y10+Y11+Y12+Y13 -> 500 | Z35: =W35-Y35 -> 16900 | AA35: =Z35/$M35 -> 21.125 | AB35: =+AB10+AB11+AB12+AB13 -> 0 | AC35: =Z35-AB35 -> 16900 | AD35: =AC35/$M35 -> 21.125 | AE35: =+AE10+AE11+AE12+AE13 -> 700 | AF35: =AC35-AE35 -> 16200 | AG35: =AF35/$M35 -> 20.25 | AH35: =+AH10+AH11+AH12+AH13 -> 0 | AI35: =AF35-AH35 -> 16200 | AJ35: =AI35/$M35 -> 20.25 | AK35: =+AK10+AK11+AK12+AK13 -> 0 | AL35: =AI35-AK35 -> 16200 | AM35: =AL35/$M35 -> 20.25 | AN35: =+AN10+AN11+AN12+AN13 -> 0 | AO35: =AL35-AN35 -> 16200 | AP35: =AO35/$M35 -> 20.25 | AQ35: =+AQ10+AQ11+AQ12+AQ13 -> 0 | AR35: =AO35-AQ35 -> 16200 | AS35: =AR35/M35 -> 20.25
A36: Poly Fardo SOFT (330mm) BOPP | B36: Poly para fardo Linea MELBOURNE-MILL-BOLD | C36: 1 | D36: BOBINA | E36: 275 | F36: CAJA PT | H36: 65 | I36: BOBINA | K36: =(H36*E36)/C36 -> 17875 | M36: 1200 | N36: =K36/M36 -> 14.895833 | P36: =+P3+P4+P5+P6+P8+P9 -> 1200 | Q36: =K36-P36 -> 16675 | R36: =Q36/$M36 -> 13.895833 | S36: =+S3+S4+S5+S6+S8+S9 -> 1200 | T36: =Q36-S36 -> 15475 | U36: =T36/$M36 -> 12.895833 | V36: =+V3+V4+V5+V6+V8+V9 -> 1200 | W36: =T36-V36 -> 14275 | X36: =W36/$M36 -> 11.895833 | Y36: =+Y3+Y4+Y5+Y6+Y8+Y9 -> 1200 | Z36: =W36-Y36 -> 13075 | AA36: =Z36/$M36 -> 10.895833 | AB36: =+AB3+AB4+AB5+AB6+AB8+AB9 -> 1200 | AC36: =Z36-AB36 -> 11875 | AD36: =AC36/$M36 -> 9.8958333 | AE36: =+AE3+AE4+AE5+AE6+AE8+AE9 -> 0 | AF36: =AC36-AE36 -> 11875 | AG36: =AF36/$M36 -> 9.8958333 | AH36: =+AH3+AH4+AH5+AH6+AH8+AH9 -> 0 | AI36: =AF36-AH36 -> 11875 | AJ36: =AI36/$M36 -> 9.8958333 | AK36: =+AK3+AK4+AK5+AK6+AK8+AK9 -> 0 | AL36: =AI36-AK36 -> 11875 | AM36: =AL36/$M36 -> 9.8958333 | AN36: =+AN3+AN4+AN5+AN6+AN8+AN9 -> 0 | AO36: =AL36-AN36 -> 11875 | AP36: =AO36/$M36 -> 9.8958333 | AQ36: =+AQ3+AQ4+AQ5+AQ6+AQ8+AQ9 -> 0 | AR36: =AO36-AQ36 -> 11875 | AS36: =AR36/M36 -> 9.8958333
A37: Poly Fardo BOX (350mm) PVC | B37: Poly para fardo línea MILENIO'S-MILL | C37: 1 | D37: BOBINA | E37: 250 | F37: CAJA PT | H37: 54 | I37: BOBINA | K37: =(H37*E37)/C37 -> 13500 | M37: 800 | N37: =K37/M37 -> 16.875 | P37: =+P10+P11+P12+P13 -> 700 | Q37: =K37-P37 -> 12800 | R37: =Q37/$M37 -> 16 | S37: =+S10+S11+S12+S13 -> 700 | T37: =Q37-S37 -> 12100 | U37: =T37/$M37 -> 15.125 | V37: =+V10+V11+V12+V13 -> 700 | W37: =T37-V37 -> 11400 | X37: =W37/$M37 -> 14.25 | Y37: =+Y10+Y11+Y12+Y13 -> 500 | Z37: =W37-Y37 -> 10900 | AA37: =Z37/$M37 -> 13.625 | AB37: =+AB10+AB11+AB12+AB13 -> 0 | AC37: =Z37-AB37 -> 10900 | AD37: =AC37/$M37 -> 13.625 | AE37: =+AE10+AE11+AE12+AE13 -> 700 | AF37: =AC37-AE37 -> 10200 | AG37: =AF37/$M37 -> 12.75 | AH37: =+AH10+AH11+AH12+AH13 -> 0 | AI37: =AF37-AH37 -> 10200 | AJ37: =AI37/$M37 -> 12.75 | AK37: =+AK10+AK11+AK12+AK13 -> 0 | AL37: =AI37-AK37 -> 10200 | AM37: =AL37/$M37 -> 12.75 | AN37: =+AN10+AN11+AN12+AN13 -> 0 | AO37: =AL37-AN37 -> 10200 | AP37: =AO37/$M37 -> 12.75 | AQ37: =+AQ10+AQ11+AQ12+AQ13 -> 0 | AR37: =AO37-AQ37 -> 10200 | AS37: =AR37/M37 -> 12.75
A38: Aluminio para SOFT (113mm) | B38: Aluminio para Linea MELBOURNE(RED/GOLD/MINT) | C38: 1 | D38: BOBINA | E38: 39 | F38: CAJA PT | H38: 254 | I38: BOBINA | K38: =(H38*E38)/C38 -> 9906 | M38: 305 | N38: =K38/M38 -> 32.478689 | P38: =+P3+P4+P5+P6+P8+P9 -> 1200 | Q38: =K38-P38 -> 8706 | R38: =Q38/$M38 -> 28.544262 | S38: =+S3+S4+S5+S6+S8+S9 -> 1200 | T38: =Q38-S38 -> 7506 | U38: =T38/$M38 -> 24.609836 | V38: =+V3+V4+V5+V6+V8+V9 -> 1200 | W38: =T38-V38 -> 6306 | X38: =W38/$M38 -> 20.67541 | Y38: =+Y3+Y4+Y5+Y6+Y8+Y9 -> 1200 | Z38: =W38-Y38 -> 5106 | AA38: =Z38/$M38 -> 16.740984 | AB38: =+AB3+AB4+AB5+AB6+AB8+AB9 -> 1200 | AC38: =Z38-AB38 -> 3906 | AD38: =AC38/$M38 -> 12.806557 | AE38: =+AE3+AE4+AE5+AE6+AE8+AE9 -> 0 | AF38: =AC38-AE38 -> 3906 | AG38: =AF38/$M38 -> 12.806557 | AH38: =+AH3+AH4+AH5+AH6+AH8+AH9 -> 0 | AI38: =AF38-AH38 -> 3906 | AJ38: =AI38/$M38 -> 12.806557 | AK38: =+AK3+AK4+AK5+AK6+AK8+AK9 -> 0 | AL38: =AI38-AK38 -> 3906 | AM38: =AL38/$M38 -> 12.806557 | AN38: =+AN3+AN4+AN5+AN6+AN8+AN9 -> 0 | AO38: =AL38-AN38 -> 3906 | AP38: =AO38/$M38 -> 12.806557 | AQ38: =+AQ3+AQ4+AQ5+AQ6+AQ8+AQ9 -> 0 | AR38: =AO38-AQ38 -> 3906 | AS38: =AR38/M38 -> 12.806557
A39: Aluminio para BOX (86mm) | B39: Aluminio para linea MILENIO'S-MILL | C39: 1 | D39: BOBINA | E39: 28 | F39: CAJA PT | H39: 266 | I39: BOBINA | K39: =(H39*E39)/C39 -> 7448 | M39: 800 | N39: =K39/M39 -> 9.31 | P39: =+P10+P11+P12+P13 -> 700 | Q39: =K39-P39 -> 6748 | R39: =Q39/$M39 -> 8.435 | S39: =+S10+S11+S12+S13 -> 700 | T39: =Q39-S39 -> 6048 | U39: =T39/$M39 -> 7.56 | V39: =+V10+V11+V12+V13 -> 700 | W39: =T39-V39 -> 5348 | X39: =W39/$M39 -> 6.685 | Y39: =+Y10+Y11+Y12+Y13 -> 500 | Z39: =W39-Y39 -> 4848 | AA39: =Z39/$M39 -> 6.06 | AB39: =+AB10+AB11+AB12+AB13 -> 0 | AC39: =Z39-AB39 -> 4848 | AD39: =AC39/$M39 -> 6.06 | AE39: =+AE10+AE11+AE12+AE13 -> 700 | AF39: =AC39-AE39 -> 4148 | AG39: =AF39/$M39 -> 5.185 | AH39: =+AH10+AH11+AH12+AH13 -> 0 | AI39: =AF39-AH39 -> 4148 | AJ39: =AI39/$M39 -> 5.185 | AK39: =+AK10+AK11+AK12+AK13 -> 0 | AL39: =AI39-AK39 -> 4148 | AM39: =AL39/$M39 -> 5.185 | AN39: =+AN10+AN11+AN12+AN13 -> 0 | AO39: =AL39-AN39 -> 4148 | AP39: =AO39/$M39 -> 5.185 | AQ39: =+AQ10+AQ11+AQ12+AQ13 -> 0 | AR39: =AO39-AQ39 -> 4148 | AS39: =AR39/M39 -> 5.185
A40: Papel blanco para SOFT (113mm) | B40: Papel blanco para MILL y BOLD | C40: 1 | D40: BOBINA | E40: 28 | F40: CAJA PT | H40: 425 | I40: BOBINA | K40: =(H40*E40)/C40 -> 11900 | M40: 895 | N40: =K40/M40 -> 13.296089 | P40: =+P6+P7+P8+P9 -> 1200 | Q40: =K40-P40 -> 10700 | R40: =Q40/$M40 -> 11.955307 | S40: =+S6+S7+S8+S9 -> 1200 | T40: =Q40-S40 -> 9500 | U40: =T40/$M40 -> 10.614525 | V40: =+V6+V7+V8+V9 -> 1200 | W40: =T40-V40 -> 8300 | X40: =W40/$M40 -> 9.273743 | Y40: =+Y6+Y7+Y8+Y9 -> 1200 | Z40: =W40-Y40 -> 7100 | AA40: =Z40/$M40 -> 7.9329609 | AB40: =+AB6+AB7+AB8+AB9 -> 1200 | AC40: =Z40-AB40 -> 5900 | AD40: =AC40/$M40 -> 6.5921788 | AE40: =+AE6+AE7+AE8+AE9 -> 0 | AF40: =AC40-AE40 -> 5900 | AG40: =AF40/$M40 -> 6.5921788 | AH40: =+AH6+AH7+AH8+AH9 -> 0 | AI40: =AF40-AH40 -> 5900 | AJ40: =AI40/$M40 -> 6.5921788 | AK40: =+AK6+AK7+AK8+AK9 -> 0 | AL40: =AI40-AK40 -> 5900 | AM40: =AL40/$M40 -> 6.5921788 | AN40: =+AN6+AN7+AN8+AN9 -> 0 | AO40: =AL40-AN40 -> 5900 | AP40: =AO40/$M40 -> 6.5921788 | AQ40: =+AQ6+AQ7+AQ8+AQ9 -> 0 | AR40: =AO40-AQ40 -> 5900 | AS40: =AR40/M40 -> 6.5921788
A41: Papel blanco para BOX (86 mm) | B41: Papel blanco para | C41: 1 | D41: BOBINA | E41: 28 | F41: CAJA PT | H41: 0 | I41: BOBINA | K41: =(H41*E41)/C41 -> 0 | M41: 0 | N41: =K41/M41 -> #DIV/0!
A42: Fitillo-TRANSPARENTE SOFT y BOX | C42: 1 | D42: BOBINA | E42: 850 | F42: CAJA PT | H42: 27 | I42: BOBINA | K42: =(H42*E42)/C42 -> 22950 | M42: 2000 | N42: =K42/M42 -> 11.475 | P42: ='Plan - Semanal'!$C$79 -> 1900 | Q42: =K42-P42 -> 21050 | R42: =Q42/$M42 -> 10.525 | S42: =+'Plan - Semanal'!$D$79 -> 1900 | T42: =Q42-S42 -> 19150 | U42: =T42/$M42 -> 9.575 | V42: =+'Plan - Semanal'!$E$79 -> 1900 | W42: =T42-V42 -> 17250 | X42: =W42/$M42 -> 8.625 | Y42: =+'Plan - Semanal'!$F$79 -> 1900 | Z42: =W42-Y42 -> 15350 | AA42: =Z42/$M42 -> 7.675 | AB42: =+'Plan - Semanal'!$G$79 -> 1900 | AC42: =Z42-AB42 -> 13450 | AD42: =AC42/$M42 -> 6.725 | AE42: =+'Plan - Semanal'!$H$79 -> 700 | AF42: =AC42-AE42 -> 12750 | AG42: =AF42/$M42 -> 6.375 | AH42: =+'Plan - Semanal'!$I$79 -> 0 | AI42: =AF42-AH42 -> 12750 | AJ42: =AI42/$M42 -> 6.375 | AK42: =+'Plan - Semanal'!$M$79 -> 0 | AL42: =AI42-AK42 -> 12750 | AM42: =AL42/$M42 -> 6.375 | AN42: =+'Plan - Semanal'!$N$79 -> 0 | AO42: =AL42-AN42 -> 12750 | AP42: =AO42/$M42 -> 6.375 | AQ42: =+'Plan - Semanal'!$O$79 -> 0 | AR42: =AO42-AQ42 -> 12750 | AS42: =AR42/M42 -> 6.375
A43: CAJA MILL MINT | B43: CAJA Producto terminado - MILL MINT | C43: 1000 | D43: CAJA | E43: 1000 | F43: CAJA PT | H43: 3185 | I43: CAJA | K43: =(H43*E43)/C43 -> 3185 | M43: 0 | N43: =K43/M43 -> #DIV/0! | P43: =+'Plan - Semanal'!C49+'Plan - Semanal'!C50+'Plan - Semanal'!C51+'Plan - Semanal'!C52 -> 0 | Q43: =K43-P43 -> 3185 | R43: =Q43/$M43 -> #DIV/0! | S43: =+'Plan - Semanal'!D49+'Plan - Semanal'!D50+'Plan - Semanal'!D51+'Plan - Semanal'!D52 -> 0 | T43: =Q43-S43 -> 3185 | U43: =T43/$M43 -> #DIV/0! | V43: =+'Plan - Semanal'!E49+'Plan - Semanal'!E50+'Plan - Semanal'!E51+'Plan - Semanal'!E52 -> 0 | W43: =T43-V43 -> 3185 | X43: =W43/$M43 -> #DIV/0! | Y43: =+'Plan - Semanal'!F49+'Plan - Semanal'!F50+'Plan - Semanal'!F51+'Plan - Semanal'!F52 -> 0 | Z43: =W43-Y43 -> 3185 | AA43: =Z43/$M43 -> #DIV/0! | AB43: =+'Plan - Semanal'!G49+'Plan - Semanal'!G50+'Plan - Semanal'!G51+'Plan - Semanal'!G52 -> 0 | AC43: =Z43-AB43 -> 3185 | AD43: =AC43/$M43 -> #DIV/0! | AE43: =+'Plan - Semanal'!H49+'Plan - Semanal'!H50+'Plan - Semanal'!H51+'Plan - Semanal'!H52 -> 0 | AF43: =AC43-AE43 -> 3185 | AG43: =AF43/$M43 -> #DIV/0! | AH43: =+'Plan - Semanal'!I49+'Plan - Semanal'!I50+'Plan - Semanal'!I51+'Plan - Semanal'!I52 -> 0 | AI43: =AF43-AH43 -> 3185 | AJ43: =AI43/$M43 -> #DIV/0! | AK43: =+'Plan - Semanal'!M49+'Plan - Semanal'!M50+'Plan - Semanal'!M51+'Plan - Semanal'!M52 -> 0 | AL43: =AI43-AK43 -> 3185 | AM43: =AL43/$M43 -> #DIV/0! | AN43: =+'Plan - Semanal'!N49+'Plan - Semanal'!N50+'Plan - Semanal'!N51+'Plan - Semanal'!N52 -> 0 | AO43: =AL43-AN43 -> 3185 | AP43: =AO43/$M43 -> #DIV/0! | AQ43: =+'Plan - Semanal'!O49+'Plan - Semanal'!O50+'Plan - Semanal'!O51+'Plan - Semanal'!O52 -> 0 | AR43: =AO43-AQ43 -> 3185 | AS43: =AR43/M43 -> #DIV/0!
A44: CAJA BOLD MINT | B44: CAJA Producto terminado - BOLD MINT | C44: 1000 | D44: CAJA | E44: 1000 | F44: CAJA PT | H44: 5450 | I44: CAJA | K44: =(H44*E44)/C44 -> 5450 | M44: 0 | N44: =K44/M44 -> #DIV/0! | P44: =+'Plan - Semanal'!$C$33+'Plan - Semanal'!$C$34+'Plan - Semanal'!$C$35+'Plan - Semanal'!$C$36 -> 0 | Q44: =K44-P44 -> 5450 | R44: =Q44/$M44 -> #DIV/0! | S44: =+'Plan - Semanal'!$D$33+'Plan - Semanal'!$D$34+'Plan - Semanal'!$D$35+'Plan - Semanal'!$D$36 -> 0 | T44: =Q44-S44 -> 5450 | U44: =T44/$M44 -> #DIV/0! | V44: =+'Plan - Semanal'!$E$33+'Plan - Semanal'!$E$34+'Plan - Semanal'!$E$35+'Plan - Semanal'!$E$36 -> 0 | W44: =T44-V44 -> 5450 | X44: =W44/$M44 -> #DIV/0! | Y44: =+'Plan - Semanal'!$F$33+'Plan - Semanal'!$F$34+'Plan - Semanal'!$F$35+'Plan - Semanal'!$F$36 -> 0 | Z44: =W44-Y44 -> 5450 | AA44: =Z44/$M44 -> #DIV/0! | AB44: =+'Plan - Semanal'!$G$33+'Plan - Semanal'!$G$34+'Plan - Semanal'!$G$35+'Plan - Semanal'!$G$36 -> 0 | AC44: =Z44-AB44 -> 5450 | AD44: =AC44/$M44 -> #DIV/0! | AE44: =+'Plan - Semanal'!$H$33+'Plan - Semanal'!$H$34+'Plan - Semanal'!$H$35+'Plan - Semanal'!$H$36 -> 0 | AF44: =AC44-AE44 -> 5450 | AG44: =AF44/$M44 -> #DIV/0! | AH44: =+'Plan - Semanal'!$I$33+'Plan - Semanal'!$I$34+'Plan - Semanal'!$I$35+'Plan - Semanal'!$I$36 -> 0 | AI44: =AF44-AH44 -> 5450 | AJ44: =AI44/$M44 -> #DIV/0! | AK44: =+'Plan - Semanal'!$M$33+'Plan - Semanal'!$M$34+'Plan - Semanal'!$M$35+'Plan - Semanal'!$M$36 -> 0 | AL44: =AI44-AK44 -> 5450 | AM44: =AL44/$M44 -> #DIV/0! | AN44: =+'Plan - Semanal'!$N$33+'Plan - Semanal'!$N$34+'Plan - Semanal'!$N$35+'Plan - Semanal'!$N$36 -> 0 | AO44: =AL44-AN44 -> 5450 | AP44: =AO44/$M44 -> #DIV/0! | AQ44: =+'Plan - Semanal'!$O$33+'Plan - Semanal'!$O$34+'Plan - Semanal'!$O$35+'Plan - Semanal'!$O$36 -> 0 | AR44: =AO44-AQ44 -> 5450 | AS44: =AR44/M44 -> #DIV/0!
A45: CAJA MILENIO GOLD | B45: CAJA Producto terminado - MILENIO GOLD | C45: 750 | D45: CAJA | E45: 750 | F45: CAJA PT | H45: 300 | I45: CAJA | K45: =(H45*E45)/C45 -> 300 | M45: 25 | N45: =K45/M45 -> 12 | P45: =+'Plan - Semanal'!$C$45+'Plan - Semanal'!$C$46+'Plan - Semanal'!$C$47+'Plan - Semanal'!$C$48 -> 0 | Q45: =K45-P45 -> 300 | R45: =Q45/$M45 -> 12 | S45: =+'Plan - Semanal'!$D$45+'Plan - Semanal'!$D$46+'Plan - Semanal'!$D$47+'Plan - Semanal'!$D$48 -> 0 | T45: =Q45-S45 -> 300 | U45: =T45/$M45 -> 12 | V45: =+'Plan - Semanal'!$E$45+'Plan - Semanal'!$E$46+'Plan - Semanal'!$E$47+'Plan - Semanal'!$E$48 -> 0 | W45: =T45-V45 -> 300 | X45: =W45/$M45 -> 12 | Y45: =+'Plan - Semanal'!$F$45+'Plan - Semanal'!$F$46+'Plan - Semanal'!$F$47+'Plan - Semanal'!$F$48 -> 0 | Z45: =W45-Y45 -> 300 | AA45: =Z45/$M45 -> 12 | AB45: =+'Plan - Semanal'!$G$45+'Plan - Semanal'!$G$46+'Plan - Semanal'!$G$47+'Plan - Semanal'!$G$48 -> 0 | AC45: =Z45-AB45 -> 300 | AD45: =AC45/$M45 -> 12 | AE45: =+'Plan - Semanal'!$H$45+'Plan - Semanal'!$H$46+'Plan - Semanal'!$H$47+'Plan - Semanal'!$H$48 -> 0 | AF45: =AC45-AE45 -> 300 | AG45: =AF45/$M45 -> 12 | AH45: =+'Plan - Semanal'!$I$45+'Plan - Semanal'!$I$46+'Plan - Semanal'!$I$47+'Plan - Semanal'!$I$48 -> 0 | AI45: =AF45-AH45 -> 300 | AJ45: =AI45/$M45 -> 12 | AK45: =+'Plan - Semanal'!$M$45+'Plan - Semanal'!$M$46+'Plan - Semanal'!$M$47+'Plan - Semanal'!$M$48 -> 0 | AL45: =AI45-AK45 -> 300 | AM45: =AL45/$M45 -> 12 | AN45: =+'Plan - Semanal'!$N$45+'Plan - Semanal'!$N$46+'Plan - Semanal'!$N$47+'Plan - Semanal'!$N$48 -> 0 | AO45: =AL45-AN45 -> 300 | AP45: =AO45/$M45 -> 12 | AQ45: =+'Plan - Semanal'!$O$45+'Plan - Semanal'!$O$46+'Plan - Semanal'!$O$47+'Plan - Semanal'!$O$48 -> 0 | AR45: =AO45-AQ45 -> 300 | AS45: =AR45/M45 -> 12
A46: CAJA GENERICA BOX | B46: CAJA Producto terminado genérica Box | C46: 750 | D46: CAJA | E46: 750 | F46: CAJA PT | H46: 15975 | I46: CAJA | K46: =(H46*E46)/C46 -> 15975 | M46: 800 | N46: =K46/M46 -> 19.96875 | P46: =+'Plan - Semanal'!$C$57+'Plan - Semanal'!$C$58+'Plan - Semanal'!$C$59+'Plan - Semanal'!$C$60 -> 0 | Q46: =K46-P46 -> 15975 | R46: =Q46/$M46 -> 19.96875 | S46: =+'Plan - Semanal'!$D$57+'Plan - Semanal'!$D$58+'Plan - Semanal'!$D$59+'Plan - Semanal'!$D$60 -> 0 | T46: =Q46-S46 -> 15975 | U46: =T46/$M46 -> 19.96875 | V46: =+'Plan - Semanal'!$D$57+'Plan - Semanal'!$D$58+'Plan - Semanal'!$D$59+'Plan - Semanal'!$D$60 -> 0 | W46: =T46-V46 -> 15975 | X46: =W46/$M46 -> 19.96875 | Y46: =+'Plan - Semanal'!$F$57+'Plan - Semanal'!$F$58+'Plan - Semanal'!$F$59+'Plan - Semanal'!$F$60 -> 0 | Z46: =W46-Y46 -> 15975 | AA46: =Z46/$M46 -> 19.96875 | AB46: =+'Plan - Semanal'!$G$57+'Plan - Semanal'!$G$58+'Plan - Semanal'!$G$59+'Plan - Semanal'!$G$60 -> 0 | AC46: =Z46-AB46 -> 15975 | AD46: =AC46/$M46 -> 19.96875 | AE46: =+'Plan - Semanal'!$H$57+'Plan - Semanal'!$H$58+'Plan - Semanal'!$H$59+'Plan - Semanal'!$H$60 -> 0 | AF46: =AC46-AE46 -> 15975 | AG46: =AF46/$M46 -> 19.96875 | AH46: =+'Plan - Semanal'!$I$57+'Plan - Semanal'!$I$58+'Plan - Semanal'!$I$59+'Plan - Semanal'!$I$60 -> 0 | AI46: =AF46-AH46 -> 15975 | AJ46: =AI46/$M46 -> 19.96875 | AK46: =+'Plan - Semanal'!$M$57+'Plan - Semanal'!$M$58+'Plan - Semanal'!$M$59+'Plan - Semanal'!$M$60 -> 0 | AL46: =AI46-AK46 -> 15975 | AM46: =AL46/$M46 -> 19.96875 | AN46: =+'Plan - Semanal'!$N$57+'Plan - Semanal'!$N$58+'Plan - Semanal'!$N$59+'Plan - Semanal'!$N$60 -> 0 | AO46: =AL46-AN46 -> 15975 | AP46: =AO46/$M46 -> 19.96875 | AQ46: =+'Plan - Semanal'!$O$57+'Plan - Semanal'!$O$58+'Plan - Semanal'!$O$59+'Plan - Semanal'!$O$60 -> 0 | AR46: =AO46-AQ46 -> 15975 | AS46: =AR46/M46 -> 19.96875
A47: CAJA GENERICA SOFT | B47: CAJA Producto terminado genérica Soft | C47: 1000 | D47: CAJA | E47: 750 | F47: CAJA PT | H47: 12300 | I47: CAJA | K47: =(H47*E47)/C47 -> 9225 | M47: 1200 | N47: =K47/M47 -> 7.6875 | P47: =+'Plan - Semanal'!$C$61+'Plan - Semanal'!$C$62+'Plan - Semanal'!$C$63+'Plan - Semanal'!$C$64 -> 0 | Q47: =K47-P47 -> 9225 | R47: =Q47/$M47 -> 7.6875 | S47: =+'Plan - Semanal'!$D$61+'Plan - Semanal'!$D$62+'Plan - Semanal'!$D$63+'Plan - Semanal'!$D$64 -> 0 | T47: =Q47-S47 -> 9225 | U47: =T47/$M47 -> 7.6875 | V47: =+'Plan - Semanal'!$E$61+'Plan - Semanal'!$E$62+'Plan - Semanal'!$E$63+'Plan - Semanal'!$E$64 -> 0 | W47: =T47-V47 -> 9225 | X47: =W47/$M47 -> 7.6875 | Y47: =+'Plan - Semanal'!$F$61+'Plan - Semanal'!$F$62+'Plan - Semanal'!$F$63+'Plan - Semanal'!$F$64 -> 200 | Z47: =W47-Y47 -> 9025 | AA47: =Z47/$M47 -> 7.5208333 | AB47: =+'Plan - Semanal'!$G$61+'Plan - Semanal'!$G$62+'Plan - Semanal'!$G$63+'Plan - Semanal'!$G$64 -> 0 | AC47: =Z47-AB47 -> 9025 | AD47: =AC47/$M47 -> 7.5208333 | AE47: =+'Plan - Semanal'!$H$61+'Plan - Semanal'!$H$62+'Plan - Semanal'!$H$63+'Plan - Semanal'!$H$64 -> 0 | AF47: =AC47-AE47 -> 9025 | AG47: =AF47/$M47 -> 7.5208333 | AH47: =+'Plan - Semanal'!$I$61+'Plan - Semanal'!$I$62+'Plan - Semanal'!$I$63+'Plan - Semanal'!$I$64 -> 0 | AI47: =AF47-AH47 -> 9025 | AJ47: =AI47/$M47 -> 7.5208333 | AK47: =+'Plan - Semanal'!$M$61+'Plan - Semanal'!$M$62+'Plan - Semanal'!$M$63+'Plan - Semanal'!$M$64 -> 0 | AL47: =AI47-AK47 -> 9025 | AM47: =AL47/$M47 -> 7.5208333 | AN47: =+'Plan - Semanal'!$N$61+'Plan - Semanal'!$N$62+'Plan - Semanal'!$N$63+'Plan - Semanal'!$N$64 -> 0 | AO47: =AL47-AN47 -> 9025 | AP47: =AO47/$M47 -> 7.5208333 | AQ47: =+'Plan - Semanal'!$O$61+'Plan - Semanal'!$O$62+'Plan - Semanal'!$O$63+'Plan - Semanal'!$O$64 -> 0 | AR47: =AO47-AQ47 -> 9025 | AS47: =AR47/M47 -> 7.5208333
A48: CAJA VANKIFF | B48: CAJA Producto terminado - VANKIFF | C48: 450 | D48: CAJA | E48: 750 | F48: CAJA PT | H48: 1925 | I48: CAJA | K48: =(H48*E48)/C48 -> 3208.3333 | N48: =K48/M48 -> #DIV/0!
A49: CAJA LEBONN | B49: CAJA Producto terminado - LEBONN | C49: 1000 | D49: CAJA | E49: 750 | F49: CAJA PT | H49: 1100 | I49: CAJA | K49: =(H49*E49)/C49 -> 825 | N49: =K49/M49 -> #DIV/0!
A50: TABACO TABES FLAMA 6.5 | B50: Caja de tabaco TABES FLAMA 6.5 de 100Kg | C50: 1 | D50: CAJA | E50: 29 | F50: CAJA PT | H50: 280 | I50: CAJA | K50: =(H50*E50)/C50 -> 8120 | M50: 2000 | N50: =K50/M50 -> 4.06 | P50: =+'Plan - Semanal'!C74+'Plan - Semanal'!C76 -> 1900 | Q50: =K50-P50 -> 6220 | R50: =Q50/$M50 -> 3.11 | S50: =+'Plan - Semanal'!D74+'Plan - Semanal'!D76 -> 1900 | T50: =Q50-S50 -> 4320 | U50: =T50/$M50 -> 2.16 | V50: =+'Plan - Semanal'!E74+'Plan - Semanal'!E76 -> 1900 | W50: =T50-V50 -> 2420 | X50: =W50/$M50 -> 1.21 | Y50: =+'Plan - Semanal'!F74+'Plan - Semanal'!F76 -> 1900 | Z50: =W50-Y50 -> 520 | AA50: =Z50/$M50 -> 0.26 | AB50: =+'Plan - Semanal'!G74+'Plan - Semanal'!G76 -> 1900 | AC50: =Z50-AB50 -> -1380 | AD50: =AC50/$M50 -> -0.69 | AE50: =+'Plan - Semanal'!H74+'Plan - Semanal'!H76 -> 700 | AF50: =AC50-AE50 -> -2080 | AG50: =AF50/$M50 -> -1.04 | AH50: =+'Plan - Semanal'!I74+'Plan - Semanal'!I76 -> 0 | AI50: =AF50-AH50 -> -2080 | AJ50: =AI50/$M50 -> -1.04 | AK50: =+'Plan - Semanal'!M74+'Plan - Semanal'!M76 -> 0 | AL50: =AI50-AK50 -> -2080 | AM50: =AL50/$M50 -> -1.04 | AN50: =+'Plan - Semanal'!N74+'Plan - Semanal'!N76 -> 0 | AO50: =AL50-AN50 -> -2080 | AP50: =AO50/$M50 -> -1.04 | AQ50: =+'Plan - Semanal'!O74+'Plan - Semanal'!O76 -> 0 | AR50: =AO50-AQ50 -> -2080 | AS50: =AR50/M50 -> -1.04
A51: TABACO TABES A DEFINIR | B51: Caja de tabaco TABES FLAMA 6.5 de 100Kg | C51: 1 | D51: CAJA | E51: 29 | F51: CAJA PT | H51: 0 | I51: CAJA | K51: =(H51*E51)/C51 -> 0 | N51: =K51/M51 -> #DIV/0! | P51: =+'Plan - Semanal'!C75+'Plan - Semanal'!C77 -> 0 | Q51: =K51-P51 -> 0 | R51: =Q51/$M51 -> #DIV/0! | S51: =+'Plan - Semanal'!D75+'Plan - Semanal'!D77 -> 0 | T51: =Q51-S51 -> 0 | U51: =T51/$M51 -> #DIV/0! | V51: =+'Plan - Semanal'!E75+'Plan - Semanal'!E77 -> 0 | W51: =T51-V51 -> 0 | X51: =W51/$M51 -> #DIV/0! | Y51: =+'Plan - Semanal'!F75+'Plan - Semanal'!F77 -> 0 | Z51: =W51-Y51 -> 0 | AA51: =Z51/$M51 -> #DIV/0! | AB51: =+'Plan - Semanal'!G75+'Plan - Semanal'!G77 -> 0 | AC51: =Z51-AB51 -> 0 | AD51: =AC51/$M51 -> #DIV/0! | AE51: =+'Plan - Semanal'!H75+'Plan - Semanal'!H77 -> 0 | AF51: =AC51-AE51 -> 0 | AG51: =AF51/$M51 -> #DIV/0! | AH51: =+'Plan - Semanal'!I75+'Plan - Semanal'!I77 -> 0 | AI51: =AF51-AH51 -> 0 | AJ51: =AI51/$M51 -> #DIV/0! | AK51: =+'Plan - Semanal'!M75+'Plan - Semanal'!M77 -> 0 | AL51: =AI51-AK51 -> 0 | AM51: =AL51/$M51 -> #DIV/0! | AN51: =+'Plan - Semanal'!N75+'Plan - Semanal'!N77 -> 0 | AO51: =AL51-AN51 -> 0 | AP51: =AO51/$M51 -> #DIV/0! | AQ51: =+'Plan - Semanal'!O75+'Plan - Semanal'!O77 -> 0 | AR51: =AO51-AQ51 -> 0 | AS51: =AR51/M51 -> #DIV/0!
A52: Filtro FULL POROSO 330 ES | B52: Filtro full 330 fabricado en Espert | C52: 1 | D52: CAJA DE FILTRO | E52: 25 | F52: CAJA PT | H52: 49 | I52: CAJA DE FILTRO | K52: =(H52*E52)/C52 -> 1225 | M52: 1385 | N52: =K52/M52 -> 0.88447653 | P52: =P3+P6+P8+P10 -> 1900 | Q52: =K52-P52 -> -675 | R52: =Q52/$M52 -> -0.48736462 | S52: =S3+S6+S8+S10 -> 1900 | T52: =Q52-S52 -> -2575 | U52: =T52/$M52 -> -1.8592058 | V52: =V3+V6+V8+V10 -> 1900 | W52: =T52-V52 -> -4475 | X52: =W52/$M52 -> -3.2310469 | Y52: =Y3+Y6+Y8+Y10 -> 1700 | Z52: =W52-Y52 -> -6175 | AA52: =Z52/$M52 -> -4.4584838 | AB52: =AB3+AB6+AB8+AB10 -> 1200 | AC52: =Z52-AB52 -> -7375 | AD52: =AC52/$M52 -> -5.3249097 | AE52: =AE3+AE6+AE8+AE10 -> 0 | AF52: =AC52-AE52 -> -7375 | AG52: =AF52/$M52 -> -5.3249097 | AH52: =AH3+AH6+AH8+AH10 -> 0 | AI52: =AF52-AH52 -> -7375 | AJ52: =AI52/$M52 -> -5.3249097 | AK52: =AK3+AK6+AK8+AK10 -> 0 | AL52: =AI52-AK52 -> -7375 | AM52: =AL52/$M52 -> -5.3249097 | AN52: =AN3+AN6+AN8+AN10 -> 0 | AO52: =AL52-AN52 -> -7375 | AP52: =AO52/$M52 -> -5.3249097 | AQ52: =AQ3+AQ6+AQ8+AQ10 -> 0 | AR52: =AO52-AQ52 -> -7375 | AS52: =AR52/M52 -> -5.3249097
A53: Filtro LIGHT POROSO 410 ES | B53: Filtro light 410 poroso fabricado en Espert | C53: 1 | D53: CAJA DE FILTRO | E53: 25 | F53: CAJA PT | H53: 0 | I53: CAJA DE FILTRO | K53: =(H53*E53)/C53 -> 0 | M53: 60 | N53: =K53/M53 -> 0 | P53: =+P4+P11 -> 0 | Q53: =K53-P53 -> 0 | R53: =Q53/$M53 -> 0 | S53: =+S4+S11 -> 0 | T53: =Q53-S53 -> 0 | U53: =T53/$M53 -> 0 | V53: =+V4+V11 -> 0 | W53: =T53-V53 -> 0 | X53: =W53/$M53 -> 0 | Y53: =+Y4+Y11 -> 0 | Z53: =W53-Y53 -> 0 | AA53: =Z53/$M53 -> 0 | AB53: =+AB4+AB11 -> 0 | AC53: =Z53-AB53 -> 0 | AD53: =AC53/$M53 -> 0 | AE53: =+AE4+AE11 -> 0 | AF53: =AC53-AE53 -> 0 | AG53: =AF53/$M53 -> 0 | AH53: =+AH4+AH11 -> 0 | AI53: =AF53-AH53 -> 0 | AJ53: =AI53/$M53 -> 0 | AK53: =+AK4+AK11 -> 0 | AL53: =AI53-AK53 -> 0 | AM53: =AL53/$M53 -> 0 | AN53: =+AN4+AN11 -> 0 | AO53: =AL53-AN53 -> 0 | AP53: =AO53/$M53 -> 0 | AQ53: =+AQ4+AQ11 -> 0 | AR53: =AO53-AQ53 -> 0 | AS53: =AR53/M53 -> 0
A54: Filtro MINT POROSO 330 ES | B54: Filtro mentolado para MNE - MILENIO MINT ES | C54: 1 | D54: CAJA DE FILTRO | E54: 25 | F54: CAJA PT | H54: 99 | I54: CAJA DE FILTRO | K54: =(H54*E54)/C54 -> 2475 | M54: 55 | N54: =K54/M54 -> 45 | P54: =+P5+P9+P12 -> 0 | Q54: =K54-P54 -> 2475 | R54: =Q54/$M54 -> 45 | S54: =+S5+S9+S12 -> 0 | T54: =Q54-S54 -> 2475 | U54: =T54/$M54 -> 45 | V54: =+V5+V9+V12 -> 0 | W54: =T54-V54 -> 2475 | X54: =W54/$M54 -> 45 | Y54: =+Y5+Y9+Y12 -> 0 | Z54: =W54-Y54 -> 2475 | AA54: =Z54/$M54 -> 45 | AB54: =+AB5+AB9+AB12 -> 0 | AC54: =Z54-AB54 -> 2475 | AD54: =AC54/$M54 -> 45 | AE54: =+AE5+AE9+AE12 -> 0 | AF54: =AC54-AE54 -> 2475 | AG54: =AF54/$M54 -> 45 | AH54: =+AH5+AH9+AH12 -> 0 | AI54: =AF54-AH54 -> 2475 | AJ54: =AI54/$M54 -> 45 | AK54: =+AK5+AK9+AK12 -> 0 | AL54: =AI54-AK54 -> 2475 | AM54: =AL54/$M54 -> 45 | AN54: =+AN5+AN9+AN12 -> 0 | AO54: =AL54-AN54 -> 2475 | AP54: =AO54/$M54 -> 45 | AQ54: =+AQ5+AQ9+AQ12 -> 0 | AR54: =AO54-AQ54 -> 2475 | AS54: =AR54/M54 -> 45
A55: Filtro CLICK -360 CAPS-6- ES(PEPPERMINT) | B55: Filtro con capsula para MILENIO ICERGY | C55: 1 | D55: CAJA DE FILTRO | E55: 25 | F55: CAJA PT | H55: 52 | I55: CAJA DE FILTRO | K55: =(H55*E55)/C55 -> 1300 | M55: 200 | N55: =K55/M55 -> 6.5 | P55: =+P13 -> 0 | Q55: =K55-P55 -> 1300 | R55: =Q55/$M55 -> 6.5 | S55: =+S13 -> 0 | T55: =Q55-S55 -> 1300 | U55: =T55/$M55 -> 6.5 | V55: =+V13 -> 0 | W55: =T55-V55 -> 1300 | X55: =W55/$M55 -> 6.5 | Y55: =+Y13 -> 0 | Z55: =W55-Y55 -> 1300 | AA55: =Z55/$M55 -> 6.5 | AB55: =+AB13 -> 0 | AC55: =Z55-AB55 -> 1300 | AD55: =AC55/$M55 -> 6.5 | AE55: =+AE13 -> 700 | AF55: =AC55-AE55 -> 600 | AG55: =AF55/$M55 -> 3 | AH55: =+AH13 -> 0 | AI55: =AF55-AH55 -> 600 | AJ55: =AI55/$M55 -> 3 | AK55: =+AK13 -> 0 | AL55: =AI55-AK55 -> 600 | AM55: =AL55/$M55 -> 3 | AN55: =+AN13 -> 0 | AO55: =AL55-AN55 -> 600 | AP55: =AO55/$M55 -> 3 | AQ55: =+AQ13 -> 0 | AR55: =AO55-AQ55 -> 600 | AS55: =AR55/M55 -> 3
A56: Filtro CLICK -360 CAPS-6- ES(MENTHOL MAX) | B56: Filtro con capsula para MILL EXPLOSION | C56: 1 | D56: CAJA DE FILTRO | E56: 25 | F56: CAJA PT | H56: 0 | I56: CAJA DE FILTRO | K56: =(H56*E56)/C56 -> 0 | M56: 75 | N56: =K56/M56 -> 0 | P56: =+P16 -> 0 | Q56: =K56-P56 -> 0 | R56: =Q56/$M56 -> 0 | S56: =+S16 -> 0 | T56: =Q56-S56 -> 0 | U56: =T56/$M56 -> 0 | V56: =+V16 -> 0 | W56: =T56-V56 -> 0 | X56: =W56/$M56 -> 0 | Y56: =+Y16 -> 0 | Z56: =W56-Y56 -> 0 | AA56: =Z56/$M56 -> 0 | AB56: =+AB16 -> 700 | AC56: =Z56-AB56 -> -700 | AD56: =AC56/$M56 -> -9.3333333 | AE56: =+AE16 -> 0 | AF56: =AC56-AE56 -> -700 | AG56: =AF56/$M56 -> -9.3333333 | AH56: =+AH16 -> 0 | AI56: =AF56-AH56 -> -700 | AJ56: =AI56/$M56 -> -9.3333333 | AK56: =+AK16 -> 0 | AL56: =AI56-AK56 -> -700 | AM56: =AL56/$M56 -> -9.3333333 | AN56: =+AN16 -> 0 | AO56: =AL56-AN56 -> -700 | AP56: =AO56/$M56 -> -9.3333333 | AQ56: =+AQ16 -> 0 | AR56: =AO56-AQ56 -> -700 | AS56: =AR56/M56 -> -9.3333333
A57: Filtro CLICK -400 CAPS-12- ES(PEPPERMINT-GRAPE) | B57: Filtro con doble capsula para MILENIO VID ICE | C57: 1 | D57: CAJA DE FILTRO | E57: 25 | F57: CAJA PT | H57: 0 | I57: CAJA DE FILTRO | K57: =(H57*E57)/C57 -> 0 | M57: 125 | N57: =K57/M57 -> 0 | P57: =+'Plan - Semanal'!$C$57+'Plan - Semanal'!$C$58+'Plan - Semanal'!$C$59+'Plan - Semanal'!$C$60 -> 0 | Q57: =K57-P57 -> 0 | R57: =Q57/$M57 -> 0 | S57: =+'Plan - Semanal'!$D$57+'Plan - Semanal'!$D$58+'Plan - Semanal'!$D$59+'Plan - Semanal'!$D$60 -> 0 | T57: =Q57-S57 -> 0 | U57: =T57/$M57 -> 0 | V57: =+'Plan - Semanal'!$D$57+'Plan - Semanal'!$D$58+'Plan - Semanal'!$D$59+'Plan - Semanal'!$D$60 -> 0 | W57: =T57-V57 -> 0 | X57: =W57/$M57 -> 0 | Y57: =+'Plan - Semanal'!$F$57+'Plan - Semanal'!$F$58+'Plan - Semanal'!$F$59+'Plan - Semanal'!$F$60 -> 0 | Z57: =W57-Y57 -> 0 | AA57: =Z57/$M57 -> 0 | AB57: =+'Plan - Semanal'!$G$57+'Plan - Semanal'!$G$58+'Plan - Semanal'!$G$59+'Plan - Semanal'!$G$60 -> 0 | AC57: =Z57-AB57 -> 0 | AD57: =AC57/$M57 -> 0 | AE57: =+'Plan - Semanal'!$H$57+'Plan - Semanal'!$H$58+'Plan - Semanal'!$H$59+'Plan - Semanal'!$H$60 -> 0 | AF57: =AC57-AE57 -> 0 | AG57: =AF57/$M57 -> 0 | AH57: =+'Plan - Semanal'!$I$57+'Plan - Semanal'!$I$58+'Plan - Semanal'!$I$59+'Plan - Semanal'!$I$60 -> 0 | AI57: =AF57-AH57 -> 0 | AJ57: =AI57/$M57 -> 0 | AK57: =+'Plan - Semanal'!$M$57+'Plan - Semanal'!$M$58+'Plan - Semanal'!$M$59+'Plan - Semanal'!$M$60 -> 0 | AL57: =AI57-AK57 -> 0 | AM57: =AL57/$M57 -> 0 | AN57: =+'Plan - Semanal'!$N$57+'Plan - Semanal'!$N$58+'Plan - Semanal'!$N$59+'Plan - Semanal'!$N$60 -> 0 | AO57: =AL57-AN57 -> 0 | AP57: =AO57/$M57 -> 0 | AQ57: =+'Plan - Semanal'!$O$57+'Plan - Semanal'!$O$58+'Plan - Semanal'!$O$59+'Plan - Semanal'!$O$60 -> 0 | AR57: =AO57-AQ57 -> 0 | AS57: =AR57/M57 -> 0
A58: Filtro CLICK-400 CAPS-12-ES(MENTHOL MAX-WATERMELON) | B58: Filtro con doble capsula para MILENIO PINK WAVE MINTZ | C58: 1 | D58: CAJA DE FILTRO | E58: 25 | F58: CAJA PT | H58: 0 | I58: CAJA DE FILTRO | K58: =(H58*E58)/C58 -> 0 | M58: 40 | N58: =K58/M58 -> 0 | P58: =+'Plan - Semanal'!$C$61+'Plan - Semanal'!$C$62+'Plan - Semanal'!$C$63+'Plan - Semanal'!$C$64 -> 0 | Q58: =K58-P58 -> 0 | R58: =Q58/$M58 -> 0 | S58: =+'Plan - Semanal'!$D$61+'Plan - Semanal'!$D$62+'Plan - Semanal'!$D$63+'Plan - Semanal'!$D$64 -> 0 | T58: =Q58-S58 -> 0 | U58: =T58/$M58 -> 0 | V58: =+'Plan - Semanal'!$E$61+'Plan - Semanal'!$E$62+'Plan - Semanal'!$E$63+'Plan - Semanal'!$E$64 -> 0 | W58: =T58-V58 -> 0 | X58: =W58/$M58 -> 0 | Y58: =+'Plan - Semanal'!$F$61+'Plan - Semanal'!$F$62+'Plan - Semanal'!$F$63+'Plan - Semanal'!$F$64 -> 200 | Z58: =W58-Y58 -> -200 | AA58: =Z58/$M58 -> -5 | AB58: =+'Plan - Semanal'!$G$61+'Plan - Semanal'!$G$62+'Plan - Semanal'!$G$63+'Plan - Semanal'!$G$64 -> 0 | AC58: =Z58-AB58 -> -200 | AD58: =AC58/$M58 -> -5 | AE58: =+'Plan - Semanal'!$H$61+'Plan - Semanal'!$H$62+'Plan - Semanal'!$H$63+'Plan - Semanal'!$H$64 -> 0 | AF58: =AC58-AE58 -> -200 | AG58: =AF58/$M58 -> -5 | AH58: =+'Plan - Semanal'!$I$61+'Plan - Semanal'!$I$62+'Plan - Semanal'!$I$63+'Plan - Semanal'!$I$64 -> 0 | AI58: =AF58-AH58 -> -200 | AJ58: =AI58/$M58 -> -5 | AK58: =+'Plan - Semanal'!$M$61+'Plan - Semanal'!$M$62+'Plan - Semanal'!$M$63+'Plan - Semanal'!$M$64 -> 0 | AL58: =AI58-AK58 -> -200 | AM58: =AL58/$M58 -> -5 | AN58: =+'Plan - Semanal'!$N$61+'Plan - Semanal'!$N$62+'Plan - Semanal'!$N$63+'Plan - Semanal'!$N$64 -> 0 | AO58: =AL58-AN58 -> -200 | AP58: =AO58/$M58 -> -5 | AQ58: =+'Plan - Semanal'!$O$61+'Plan - Semanal'!$O$62+'Plan - Semanal'!$O$63+'Plan - Semanal'!$O$64 -> 0 | AR58: =AO58-AQ58 -> -200 | AS58: =AR58/M58 -> -5
A59: CINTA ADHESIVA CAJA | B59: Cinta adhesiva para cierre de cajas | C59: 2 | D59: BOBINA | E59: 2400 | F59: CAJA PT | H59: 82 | I59: BOBINA | K59: =(H59*E59)/C59 -> 98400 | M59: 2000 | N59: =K59/M59 -> 49.2 | P59: =+P17 -> 1900 | Q59: =K59-P59 -> 96500 | R59: =Q59/$M59 -> 48.25 | S59: =+S17 -> 1900 | T59: =Q59-S59 -> 94600 | U59: =T59/$M59 -> 47.3 | V59: =+V17 -> 1900 | W59: =T59-V59 -> 92700 | X59: =W59/$M59 -> 46.35 | Y59: =+Y17 -> 1900 | Z59: =W59-Y59 -> 90800 | AA59: =Z59/$M59 -> 45.4 | AB59: =+AB17 -> 1900 | AC59: =Z59-AB59 -> 88900 | AD59: =AC59/$M59 -> 44.45 | AE59: =+AE17 -> 700 | AF59: =AC59-AE59 -> 88200 | AG59: =AF59/$M59 -> 44.1 | AH59: =+AH17 -> 0 | AI59: =AF59-AH59 -> 88200 | AJ59: =AI59/$M59 -> 44.1 | AK59: =+AK17 -> 0 | AL59: =AI59-AK59 -> 88200 | AM59: =AL59/$M59 -> 44.1 | AN59: =+AN17 -> 0 | AO59: =AL59-AN59 -> 88200 | AP59: =AO59/$M59 -> 44.1 | AQ59: =+AQ17 -> 0 | AR59: =AO59-AQ59 -> 88200 | AS59: =AR59/M59 -> 44.1
A60: STRICH PALLETIZADORA | B60: Film strich para palletizadora automatica | C60: 1 | D60: BOBINA | E60: 16 | F60: PALLET | H60: 364 | I60: BOBINA | K60: =(H60*E60)/C60 -> 5824 | L60: PALLET!! | M60: 30 | N60: =K60/M60 -> 194.13333 | P60: =+P17 -> 1900 | Q60: =K60-P60 -> 3924 | R60: =Q60/$M60 -> 130.8 | S60: =+S17 -> 1900 | T60: =Q60-S60 -> 2024 | U60: =T60/$M60 -> 67.466667 | V60: =+V17 -> 1900 | W60: =T60-V60 -> 124 | X60: =W60/$M60 -> 4.1333333 | Y60: =+Y17 -> 1900 | Z60: =W60-Y60 -> -1776 | AA60: =Z60/$M60 -> -59.2 | AB60: =+AB17 -> 1900 | AC60: =Z60-AB60 -> -3676 | AD60: =AC60/$M60 -> -122.53333 | AE60: =+AE17 -> 700 | AF60: =AC60-AE60 -> -4376 | AG60: =AF60/$M60 -> -145.86667 | AH60: =+AH17 -> 0 | AI60: =AF60-AH60 -> -4376 | AJ60: =AI60/$M60 -> -145.86667 | AK60: =+AK17 -> 0 | AL60: =AI60-AK60 -> -4376 | AM60: =AL60/$M60 -> -145.86667 | AN60: =+AN17 -> 0 | AO60: =AL60-AN60 -> -4376 | AP60: =AO60/$M60 -> -145.86667 | AQ60: =+AQ17 -> 0 | AR60: =AO60-AQ60 -> -4376 | AS60: =AR60/M60 -> -145.86667
A61: STRICH MANUAL | B61: Film strich para palletizado manual (cierre superior) | C61: 1 | D61: BOBINA | F61: PALLET | H61: 814 | I61: BOBINA | K61: =(H61*E61)/C61 -> 0 | L61: PALLET!! | P61: =+P17 -> 1900 | Q61: =K61-P61 -> -1900 | R61: =Q61/$M61 -> #DIV/0! | S61: =+S17 -> 1900 | T61: =Q61-S61 -> -3800 | U61: =T61/$M61 -> #DIV/0! | V61: =+V17 -> 1900 | W61: =T61-V61 -> -5700 | X61: =W61/$M61 -> #DIV/0! | Y61: =+Y17 -> 1900 | Z61: =W61-Y61 -> -7600 | AA61: =Z61/$M61 -> #DIV/0! | AB61: =+AB17 -> 1900 | AC61: =Z61-AB61 -> -9500 | AD61: =AC61/$M61 -> #DIV/0! | AE61: =+AE17 -> 700 | AF61: =AC61-AE61 -> -10200 | AG61: =AF61/$M61 -> #DIV/0! | AH61: =+AH17 -> 0 | AI61: =AF61-AH61 -> -10200 | AJ61: =AI61/$M61 -> #DIV/0! | AK61: =+AK17 -> 0 | AL61: =AI61-AK61 -> -10200 | AM61: =AL61/$M61 -> #DIV/0! | AN61: =+AN17 -> 0 | AO61: =AL61-AN61 -> -10200 | AP61: =AO61/$M61 -> #DIV/0! | AQ61: =+AQ17 -> 0 | AR61: =AO61-AQ61 -> -10200 | AS61: =AR61/M61 -> #DIV/0!
A62: Adhesivo 248 | B62: Para confección cigarrillo - boquilla | C62: 1 | D62: LITRO | E62: 20 | F62: CAJA PT | H62: 700 | I62: LITROS | K62: =(H62*E62)/C62 -> 14000 | M62: 2000 | N62: =K62/M62 -> 7 | P62: =+P17 -> 1900 | Q62: =K62-P62 -> 12100 | R62: =Q62/$M62 -> 6.05 | S62: =+S17 -> 1900 | T62: =Q62-S62 -> 10200 | U62: =T62/$M62 -> 5.1 | V62: =+V17 -> 1900 | W62: =T62-V62 -> 8300 | X62: =W62/$M62 -> 4.15 | Y62: =+Y17 -> 1900 | Z62: =W62-Y62 -> 6400 | AA62: =Z62/$M62 -> 3.2 | AB62: =+AB17 -> 1900 | AC62: =Z62-AB62 -> 4500 | AD62: =AC62/$M62 -> 2.25 | AE62: =+AE17 -> 700 | AF62: =AC62-AE62 -> 3800 | AG62: =AF62/$M62 -> 1.9 | AH62: =+AH17 -> 0 | AI62: =AF62-AH62 -> 3800 | AJ62: =AI62/$M62 -> 1.9 | AK62: =+AK17 -> 0 | AL62: =AI62-AK62 -> 3800 | AM62: =AL62/$M62 -> 1.9 | AN62: =+AN17 -> 0 | AO62: =AL62-AN62 -> 3800 | AP62: =AO62/$M62 -> 1.9 | AQ62: =+AQ17 -> 0 | AR62: =AO62-AQ62 -> 3800 | AS62: =AR62/M62 -> 1.9
A63: ADHESIVO 249 | B63: Para confección cigarrillo - costura | C63: 1 | D63: LITRO | E63: 50 | F63: CAJA PT | H63: 1300 | I63: LITROS | K63: N/A | M63: 2000 | N63: =H63/((M63/E63)+(M64/E64)) -> 27.575758 | P63: =+P17 -> 1900 | Q63: =$H$63-((P63/$E$63)+(P64/$E$64)) -> 1262 | R63: =Q63/$M63 -> 0.631 | S63: =+S17 -> 1900 | T63: =Q63-((S63/$E$63)+(S64/$E$64)) -> 1224 | U63: =T63/$M63 -> 0.612 | V63: =+V17 -> 1900 | W63: =T63-((V63/$E$63)+(V64/$E$64)) -> 1186 | X63: =W63/$M63 -> 0.593 | Y63: =+Y17 -> 1900 | Z63: =W63-((Y63/$E$63)+(Y64/$E$64)) -> 1148 | AA63: =Z63/$M63 -> 0.574 | AB63: =+AB17 -> 1900 | AC63: =Z63-((AB63/$E$63)+(AB64/$E$64)) -> 1110 | AD63: =AC63/$M63 -> 0.555 | AE63: =+AE17 -> 700 | AF63: =AC63-((AE63/$E$63)+(AE64/$E$64)) -> 1096 | AG63: =AF63/$M63 -> 0.548 | AH63: =+AH17 -> 0 | AI63: =AF63-((AH63/$E$63)+(AH64/$E$64)) -> 1096 | AJ63: =AI63/$M63 -> 0.548 | AK63: =+AK17 -> 0 | AL63: =AI63-((AK63/$E$63)+(AK64/$E$64)) -> 1096 | AM63: =AL63/$M63 -> 0.548 | AN63: =+AN17 -> 0 | AO63: =AL63-((AN63/$E$63)+(AN64/$E$64)) -> 1096 | AP63: =AO63/$M63 -> 0.548 | AQ63: =+AQ17 -> 0 | AR63: =AO63-((AQ63/$E$63)+(AQ64/$E$64)) -> 1096 | AS63: =AR63/M63 -> 0.548
B64: Para confección filtro | C64: 1 | D64: LITRO | E64: 14 | F64: CAJAS FILTRO | M64: 100 | P64: =+'Plan - Semanal'!C94 -> 0 | S64: =+'Plan - Semanal'!D94 -> 0 | V64: =+'Plan - Semanal'!E94 -> 0 | Y64: =+'Plan - Semanal'!F94 -> 0 | AB64: =+'Plan - Semanal'!G94 -> 0 | AE64: =+'Plan - Semanal'!H94 -> 0 | AH64: =+'Plan - Semanal'!I94 -> 0 | AK64: =+'Plan - Semanal'!M94 -> 0 | AN64: =+'Plan - Semanal'!N94 -> 0 | AQ64: =+'Plan - Semanal'!O94 -> 0
A65: Adhesivo 9241 (Box) | B65: Para HLP 1 | C65: 1 | D65: BALDE | E65: 700 | F65: CAJA PT | H65: 0 | I65: BALDES | K65: =(H65*E65)/C65 -> 0 | M65: 0 | N65: =K65/M65 -> #DIV/0! | P65: =+P39 -> 700 | Q65: =K65-P65 -> -700 | R65: =Q65/$M65 -> #DIV/0! | S65: =+S39 -> 700 | T65: =Q65-S65 -> -1400 | U65: =T65/$M65 -> #DIV/0! | V65: =+V39 -> 700 | W65: =T65-V65 -> -2100 | X65: =W65/$M65 -> #DIV/0! | Y65: =+Y39 -> 500 | Z65: =W65-Y65 -> -2600 | AA65: =Z65/$M65 -> #DIV/0! | AB65: =+AB39 -> 0 | AC65: =Z65-AB65 -> -2600 | AD65: =AC65/$M65 -> #DIV/0! | AE65: =+AE39 -> 700 | AF65: =AC65-AE65 -> -3300 | AG65: =AF65/$M65 -> #DIV/0! | AH65: =+AH39 -> 0 | AI65: =AF65-AH65 -> -3300 | AJ65: =AI65/$M65 -> #DIV/0! | AK65: =+AK39 -> 0 | AL65: =AI65-AK65 -> -3300 | AM65: =AL65/$M65 -> #DIV/0! | AN65: =+AN39 -> 0 | AO65: =AL65-AN65 -> -3300 | AP65: =AO65/$M65 -> #DIV/0! | AQ65: =+AQ39 -> 0 | AR65: =AO65-AQ65 -> -3300 | AS65: =AR65/M65 -> #DIV/0!
A66: Adhesivo 2044 (Soft y box) | B66: Para AMF - todas - HLP 2 | C66: 1 | D66: BALDE | E66: 1200 | F66: CAJA PT | H66: 30 | I66: BALDES | K66: =(H66*E66)/C66 -> 36000 | M66: 2000 | N66: =K66/M66 -> 18 | P66: =+P38 -> 1200 | Q66: =K66-P66 -> 34800 | R66: =Q66/$M66 -> 17.4 | S66: =+S38 -> 1200 | T66: =Q66-S66 -> 33600 | U66: =T66/$M66 -> 16.8 | V66: =+V38 -> 1200 | W66: =T66-V66 -> 32400 | X66: =W66/$M66 -> 16.2 | Y66: =+Y38 -> 1200 | Z66: =W66-Y66 -> 31200 | AA66: =Z66/$M66 -> 15.6 | AB66: =+AB38 -> 1200 | AC66: =Z66-AB66 -> 30000 | AD66: =AC66/$M66 -> 15 | AE66: =+AE38 -> 0 | AF66: =AC66-AE66 -> 30000 | AG66: =AF66/$M66 -> 15 | AH66: =+AH38 -> 0 | AI66: =AF66-AH66 -> 30000 | AJ66: =AI66/$M66 -> 15 | AK66: =+AK38 -> 0 | AL66: =AI66-AK66 -> 30000 | AM66: =AL66/$M66 -> 15 | AN66: =+AN38 -> 0 | AO66: =AL66-AN66 -> 30000 | AP66: =AO66/$M66 -> 15 | AQ66: =+AQ38 -> 0 | AR66: =AO66-AQ66 -> 30000 | AS66: =AR66/M66 -> 15
A67: ADHESIVO | C67: 1 | D67: BALDE | F67: CAJA PT | I67: BALDES | K67: =(H67*E67)/C67 -> 0 | N67: =K67/M67 -> #DIV/0! | P67: =+P39 -> 700 | Q67: =K67-P67 -> -700 | R67: =Q67/$M67 -> #DIV/0! | S67: =+S39 -> 700 | T67: =Q67-S67 -> -1400 | U67: =T67/$M67 -> #DIV/0! | V67: =+V39 -> 700 | W67: =T67-V67 -> -2100 | X67: =W67/$M67 -> #DIV/0! | Y67: =+Y39 -> 500 | Z67: =W67-Y67 -> -2600 | AA67: =Z67/$M67 -> #DIV/0! | AB67: =+AB39 -> 0 | AC67: =Z67-AB67 -> -2600 | AD67: =AC67/$M67 -> #DIV/0! | AE67: =+AE39 -> 700 | AF67: =AC67-AE67 -> -3300 | AG67: =AF67/$M67 -> #DIV/0! | AH67: =+AH39 -> 0 | AI67: =AF67-AH67 -> -3300 | AJ67: =AI67/$M67 -> #DIV/0! | AK67: =+AK39 -> 0 | AL67: =AI67-AK67 -> -3300 | AM67: =AL67/$M67 -> #DIV/0! | AN67: =+AN39 -> 0 | AO67: =AL67-AN67 -> -3300 | AP67: =AO67/$M67 -> #DIV/0! | AQ67: =+AQ39 -> 0 | AR67: =AO67-AQ67 -> -3300 | AS67: =AR67/M67 -> #DIV/0!
A69: FABRICACIÓN DE FILTROS
A70: Materiales | C70: Rendimiento | H70: Cantidad Mat actual | K70: Capacidad de Producción | M70: Estimación en días | P70: Planificación
A71: Texto Breve | B71: Descripción | C71: Cant | D71: Unidad | E71: Resultado | F71: Unidad | H71: Cantidad | I71: Unidad | K71: Cajas de filtros | M71: Cajas filtro diarias | N71: Cantidad de días | P71: Lunes | Q71: Resto | R71: Resto días | S71: Martes | T71: Resto | U71: Resto días | V71: Miércoles | W71: Resto | X71: Resto días | Y71: Jueves | Z71: Resto | AA71: Resto días | AB71: Viernes | AC71: Resto | AD71: Resto días | AE71: Sábado | AF71: Resto | AG71: Resto días | AH71: Domingo | AI71: Resto | AJ71: Resto días | AK71: Semana 2 | AL71: Resto S2 | AM71: Resto días | AN71: Semana 3 | AO71: Resto S3 | AP71: Resto días | AQ71: Semana 4 | AR71: Resto S4 | AS71: Resto días
A72: ACETATO | B72: Acetato para confección de filtros | C72: 1 | D72: CAJA | E72: 45 | F72: CAJAS FILTRO | H72: 4 | I72: PALET | K72: =(H72*E72)/C72 -> 180 | M72: 80 | N72: =K72/M72 -> 2.25 | P72: =+'Plan - Semanal'!C94 -> 0 | Q72: =K72-P72 -> 180 | R72: =IF(P72=0,"-",Q72/M72) -> - | S72: =+'Plan - Semanal'!D94 -> 0 | T72: =Q72-S72 -> 180 | U72: =IF(S72=0,"-",T72/$M72) -> - | V72: =+'Plan - Semanal'!E94 -> 0 | W72: =T72-V72 -> 180 | X72: =IF(V72=0,"-",W72/$M72) -> - | Y72: =+'Plan - Semanal'!F94 -> 0 | Z72: =W72-Y72 -> 180 | AA72: =IF(Y72=0,"-",Z72/$M72) -> - | AB72: =+'Plan - Semanal'!G94 -> 0 | AC72: =Z72-AB72 -> 180 | AD72: =IF(AB72=0,"-",AC72/$M72) -> - | AE72: =+'Plan - Semanal'!H94 -> 0 | AF72: =AC72-AE72 -> 180 | AG72: =IF(AE72=0,"-",AF72/$M72) -> - | AH72: =+'Plan - Semanal'!I94 -> 0 | AI72: =AF72-AH72 -> 180 | AJ72: =IF(AH72=0,"-",AI72/$M72) -> - | AK72: =+'Plan - Semanal'!M94 -> 0 | AL72: =AI72-AK72 -> 180 | AM72: =IF(AK72=0,"-",AL72/$M72) -> - | AN72: =+'Plan - Semanal'!N94 -> 0 | AO72: =AL72-AN72 -> 180 | AP72: =IF(AN72=0,"-",AO72/$M72) -> - | AQ72: =+'Plan - Semanal'!O94 -> 0 | AR72: =AO72-AQ72 -> 180 | AS72: =IF(AQ72=0,"-",AR72/M72) -> -
A73: TRIACETINA | B73: Triacetina para confección de filtros | C73: 200 | D73: LITROS | E73: =191 -> 191 | F73: CAJAS FILTRO | H73: 20 | I73: TAMBOR 200L | K73: =(H73*200*E73)/C73 -> 3820 | M73: 80 | N73: =K73/M73 -> 47.75 | P73: =+P72 -> 0 | Q73: =K73-P73 -> 3820 | R73: =IF(P73=0,"-",Q73/M73) -> - | S73: =+S72 -> 0 | T73: =Q73-S73 -> 3820 | U73: =IF(S73=0,"-",T73/$M73) -> - | V73: =+V72 -> 0 | W73: =T73-V73 -> 3820 | X73: =IF(V73=0,"-",W73/$M73) -> - | Y73: =+Y72 -> 0 | Z73: =W73-Y73 -> 3820 | AA73: =IF(Y73=0,"-",Z73/$M73) -> - | AB73: =+AB72 -> 0 | AC73: =Z73-AB73 -> 3820 | AD73: =IF(AB73=0,"-",AC73/$M73) -> - | AE73: =+AE72 -> 0 | AF73: =AC73-AE73 -> 3820 | AG73: =IF(AE73=0,"-",AF73/$M73) -> - | AH73: =+AH72 -> 0 | AI73: =AF73-AH73 -> 3820 | AJ73: =IF(AH73=0,"-",AI73/$M73) -> - | AK73: =+AK72 -> 0 | AL73: =AI73-AK73 -> 3820 | AM73: =IF(AK73=0,"-",AL73/$M73) -> - | AN73: =+AN72 -> 0 | AO73: =AL73-AN73 -> 3820 | AP73: =IF(AN73=0,"-",AO73/$M73) -> - | AQ73: =+AQ72 -> 0 | AR73: =AO73-AQ73 -> 3820 | AS73: =IF(AQ73=0,"-",AR73/M73) -> -
A74: HOT MELT | B74: Hot Melt para confección de filtros | C74: 25 | D74: KG | E74: 280 | F74: CAJAS FILTRO | H74: 10 | I74: BOLSA 25KG | K74: =(H74*25*E74)/C74 -> 2800 | M74: 80 | N74: =K74/M74 -> 35 | P74: =+P72 -> 0 | Q74: =K74-P74 -> 2800 | R74: =IF(P74=0,"-",Q74/M74) -> - | S74: =+S72 -> 0 | T74: =Q74-S74 -> 2800 | U74: =IF(S74=0,"-",T74/$M74) -> - | V74: =+V72 -> 0 | W74: =T74-V74 -> 2800 | X74: =IF(V74=0,"-",W74/$M74) -> - | Y74: =+Y72 -> 0 | Z74: =W74-Y74 -> 2800 | AA74: =IF(Y74=0,"-",Z74/$M74) -> - | AB74: =+AB72 -> 0 | AC74: =Z74-AB74 -> 2800 | AD74: =IF(AB74=0,"-",AC74/$M74) -> - | AE74: =+AE72 -> 0 | AF74: =AC74-AE74 -> 2800 | AG74: =IF(AE74=0,"-",AF74/$M74) -> - | AH74: =+AH72 -> 0 | AI74: =AF74-AH74 -> 2800 | AJ74: =IF(AH74=0,"-",AI74/$M74) -> - | AK74: =+AK72 -> 0 | AL74: =AI74-AK74 -> 2800 | AM74: =IF(AK74=0,"-",AL74/$M74) -> - | AN74: =+AN72 -> 0 | AO74: =AL74-AN74 -> 2800 | AP74: =IF(AN74=0,"-",AO74/$M74) -> - | AQ74: =+AQ72 -> 0 | AR74: =AO74-AQ74 -> 2800 | AS74: =IF(AQ74=0,"-",AR74/M74) -> -
A75: PAPEL DE FILTRO IMPERMEABLE (capsulas) | B75: Papel para confección de filtros con capsulas | C75: 1 | D75: BOBINA | E75: 2 | F75: CAJAS FILTRO | H75: 99 | I75: BOBINA | K75: =(H75*E75)/C75 -> 198 | M75: 20 | N75: =K75/M75 -> 9.9 | P75: =+P72 -> 0 | Q75: =K75-P75 -> 198 | R75: =IF(P75=0,"-",Q75/M75) -> - | S75: =+S72 -> 0 | T75: =Q75-S75 -> 198 | U75: =IF(S75=0,"-",T75/$M75) -> - | V75: =+V72 -> 0 | W75: =T75-V75 -> 198 | X75: =IF(V75=0,"-",W75/$M75) -> - | Y75: =+Y72 -> 0 | Z75: =W75-Y75 -> 198 | AA75: =IF(Y75=0,"-",Z75/$M75) -> - | AB75: =+AB72 -> 0 | AC75: =Z75-AB75 -> 198 | AD75: =IF(AB75=0,"-",AC75/$M75) -> - | AE75: =+AE72 -> 0 | AF75: =AC75-AE75 -> 198 | AG75: =IF(AE75=0,"-",AF75/$M75) -> - | AH75: =+AH72 -> 0 | AI75: =AF75-AH75 -> 198 | AJ75: =IF(AH75=0,"-",AI75/$M75) -> - | AK75: =+AK72 -> 0 | AL75: =AI75-AK75 -> 198 | AM75: =IF(AK75=0,"-",AL75/$M75) -> - | AN75: =+AN72 -> 0 | AO75: =AL75-AN75 -> 198 | AP75: =IF(AN75=0,"-",AO75/$M75) -> - | AQ75: =+AQ72 -> 0 | AR75: =AO75-AQ75 -> 198 | AS75: =IF(AQ75=0,"-",AR75/M75) -> -
A76: PAPEL DE FILTRO POROSO | B76: PAPEL DE FILTRO POROSO | C76: 1 | D76: BOBINA | E76: 1.5 | F76: CAJAS FILTRO | H76: 181 | I76: BOBINA | K76: =(H76*E76)/C76 -> 271.5 | M76: 60 | N76: =K76/M76 -> 4.525 | P76: =+P72 -> 0 | Q76: =K76-P76 -> 271.5 | R76: =IF(P76=0,"-",Q76/M76) -> - | S76: =+S72 -> 0 | T76: =Q76-S76 -> 271.5 | U76: =IF(S76=0,"-",T76/$M76) -> - | V76: =+V72 -> 0 | W76: =T76-V76 -> 271.5 | X76: =IF(V76=0,"-",W76/$M76) -> - | Y76: =+Y72 -> 0 | Z76: =W76-Y76 -> 271.5 | AA76: =IF(Y76=0,"-",Z76/$M76) -> - | AB76: =+AB72 -> 0 | AC76: =Z76-AB76 -> 271.5 | AD76: =IF(AB76=0,"-",AC76/$M76) -> - | AE76: =+AE72 -> 0 | AF76: =AC76-AE76 -> 271.5 | AG76: =IF(AE76=0,"-",AF76/$M76) -> - | AH76: =+AH72 -> 0 | AI76: =AF76-AH76 -> 271.5 | AJ76: =IF(AH76=0,"-",AI76/$M76) -> - | AK76: =+AK72 -> 0 | AL76: =AI76-AK76 -> 271.5 | AM76: =IF(AK76=0,"-",AL76/$M76) -> - | AN76: =+AN72 -> 0 | AO76: =AL76-AN76 -> 271.5 | AP76: =IF(AN76=0,"-",AO76/$M76) -> - | AQ76: =+AQ72 -> 0 | AR76: =AO76-AQ76 -> 271.5 | AS76: =IF(AQ76=0,"-",AR76/M76) -> -
A77: MENTOL | B77: MENTOL | C77: 1 | D77: KG | E77: 36 | F77: CAJAS FILTRO | H77: 41 | I77: CUÑETE | K77: =(H77*E77)/C77 -> 1476 | M77: 3 | N77: =K77/M77 -> 492 | P77: =+'Plan - Semanal'!C88 -> 0 | Q77: =K77-P77 -> 1476 | R77: =IF(P77=0,"-",Q77/M77) -> - | S77: =+'Plan - Semanal'!D88 -> 0 | T77: =Q77-S77 -> 1476 | U77: =IF(S77=0,"-",T77/$M77) -> - | V77: =+'Plan - Semanal'!E88 -> 0 | W77: =T77-V77 -> 1476 | X77: =IF(V77=0,"-",W77/$M77) -> - | Y77: =+'Plan - Semanal'!F88 -> 0 | Z77: =W77-Y77 -> 1476 | AA77: =IF(Y77=0,"-",Z77/$M77) -> - | AB77: =+'Plan - Semanal'!G88 -> 0 | AC77: =Z77-AB77 -> 1476 | AD77: =IF(AB77=0,"-",AC77/$M77) -> - | AE77: =+'Plan - Semanal'!H88 -> 0 | AF77: =AC77-AE77 -> 1476 | AG77: =IF(AE77=0,"-",AF77/$M77) -> - | AH77: =+'Plan - Semanal'!I88 -> 0 | AI77: =AF77-AH77 -> 1476 | AJ77: =IF(AH77=0,"-",AI77/$M77) -> - | AK77: =+'Plan - Semanal'!M88 -> 0 | AL77: =AI77-AK77 -> 1476 | AM77: =IF(AK77=0,"-",AL77/$M77) -> - | AN77: =+'Plan - Semanal'!N88 -> 0 | AO77: =AL77-AN77 -> 1476 | AP77: =IF(AN77=0,"-",AO77/$M77) -> - | AQ77: =+'Plan - Semanal'!O88 -> 0 | AR77: =AO77-AQ77 -> 1476 | AS77: =IF(AQ77=0,"-",AR77/M77) -> -
A78: ESFERA CLICK SANDÍA | B78: ESFERA CLICK SANDÍA (WATERMELON) | C78: 1 | D78: KG | E78: 6.5 | F78: CAJAS FILTRO | H78: 7.5 | I78: CAJA x 4 BOLSAS | K78: =(H78*E78)/C78 -> 48.75 | M78: 2 | N78: =K78/M78 -> 24.375 | P78: =+'Plan - Semanal'!C86 -> 0 | Q78: =K78-P78 -> 48.75 | R78: =IF(P78=0,"-",Q78/M78) -> - | S78: =+'Plan - Semanal'!D86 -> 0 | T78: =Q78-S78 -> 48.75 | U78: =IF(S78=0,"-",T78/$M78) -> - | V78: =+'Plan - Semanal'!E86 -> 0 | W78: =T78-V78 -> 48.75 | X78: =IF(V78=0,"-",W78/$M78) -> - | Y78: =+'Plan - Semanal'!F86 -> 0 | Z78: =W78-Y78 -> 48.75 | AA78: =IF(Y78=0,"-",Z78/$M78) -> - | AB78: =+'Plan - Semanal'!G86 -> 0 | AC78: =Z78-AB78 -> 48.75 | AD78: =IF(AB78=0,"-",AC78/$M78) -> - | AE78: =+'Plan - Semanal'!H86 -> 0 | AF78: =AC78-AE78 -> 48.75 | AG78: =IF(AE78=0,"-",AF78/$M78) -> - | AH78: =+'Plan - Semanal'!I86 -> 0 | AI78: =AF78-AH78 -> 48.75 | AJ78: =IF(AH78=0,"-",AI78/$M78) -> - | AK78: =+'Plan - Semanal'!M86 -> 0 | AL78: =AI78-AK78 -> 48.75 | AM78: =IF(AK78=0,"-",AL78/$M78) -> - | AN78: =+'Plan - Semanal'!N86 -> 0 | AO78: =AL78-AN78 -> 48.75 | AP78: =IF(AN78=0,"-",AO78/$M78) -> - | AQ78: =+'Plan - Semanal'!O86 -> 0 | AR78: =AO78-AQ78 -> 48.75 | AS78: =IF(AQ78=0,"-",AR78/M78) -> -
A79: ESFERA CLICK UVA | B79: ESFERA CLICK UVA (GRAPE) | C79: 1 | D79: KG | E79: 6.5 | F79: CAJAS FILTRO | H79: 0 | I79: CAJA x 4 BOLSAS | K79: =(H79*E79)/C79 -> 0 | M79: 5 | N79: =K79/M79 -> 0 | P79: =+'Plan - Semanal'!C87 -> 0 | Q79: =K79-P79 -> 0 | R79: =IF(P79=0,"-",Q79/M79) -> - | S79: =+'Plan - Semanal'!D87 -> 0 | T79: =Q79-S79 -> 0 | U79: =IF(S79=0,"-",T79/$M79) -> - | V79: =+'Plan - Semanal'!E87 -> 0 | W79: =T79-V79 -> 0 | X79: =IF(V79=0,"-",W79/$M79) -> - | Y79: =+'Plan - Semanal'!F87 -> 0 | Z79: =W79-Y79 -> 0 | AA79: =IF(Y79=0,"-",Z79/$M79) -> - | AB79: =+'Plan - Semanal'!G87 -> 0 | AC79: =Z79-AB79 -> 0 | AD79: =IF(AB79=0,"-",AC79/$M79) -> - | AE79: =+'Plan - Semanal'!H87 -> 0 | AF79: =AC79-AE79 -> 0 | AG79: =IF(AE79=0,"-",AF79/$M79) -> - | AH79: =+'Plan - Semanal'!I87 -> 0 | AI79: =AF79-AH79 -> 0 | AJ79: =IF(AH79=0,"-",AI79/$M79) -> - | AK79: =+'Plan - Semanal'!M87 -> 0 | AL79: =AI79-AK79 -> 0 | AM79: =IF(AK79=0,"-",AL79/$M79) -> - | AN79: =+'Plan - Semanal'!N87 -> 0 | AO79: =AL79-AN79 -> 0 | AP79: =IF(AN79=0,"-",AO79/$M79) -> - | AQ79: =+'Plan - Semanal'!O87 -> 0 | AR79: =AO79-AQ79 -> 0 | AS79: =IF(AQ79=0,"-",AR79/M79) -> -
A80: ESFERA CLICK MENTOL | B80: ESFERA CLICK MENTOL (PEPERMINT) | C80: 1 | D80: KG | E80: 6.5 | F80: CAJAS FILTRO | H80: 8 | I80: CAJA x 4 BOLSAS | K80: =(H80*E80)/C80 -> 52 | M80: 13 | N80: =K80/M80 -> 4 | P80: =+'Plan - Semanal'!C88 -> 0 | Q80: =K80-P80 -> 52 | R80: =IF(P80=0,"-",Q80/M80) -> - | S80: =+'Plan - Semanal'!D88 -> 0 | T80: =Q80-S80 -> 52 | U80: =IF(S80=0,"-",T80/$M80) -> - | V80: =+'Plan - Semanal'!E88 -> 0 | W80: =T80-V80 -> 52 | X80: =IF(V80=0,"-",W80/$M80) -> - | Y80: =+'Plan - Semanal'!F88 -> 0 | Z80: =W80-Y80 -> 52 | AA80: =IF(Y80=0,"-",Z80/$M80) -> - | AB80: =+'Plan - Semanal'!G88 -> 0 | AC80: =Z80-AB80 -> 52 | AD80: =IF(AB80=0,"-",AC80/$M80) -> - | AE80: =+'Plan - Semanal'!H88 -> 0 | AF80: =AC80-AE80 -> 52 | AG80: =IF(AE80=0,"-",AF80/$M80) -> - | AH80: =+'Plan - Semanal'!I88 -> 0 | AI80: =AF80-AH80 -> 52 | AJ80: =IF(AH80=0,"-",AI80/$M80) -> - | AK80: =+'Plan - Semanal'!M88 -> 0 | AL80: =AI80-AK80 -> 52 | AM80: =IF(AK80=0,"-",AL80/$M80) -> - | AN80: =+'Plan - Semanal'!N88 -> 0 | AO80: =AL80-AN80 -> 52 | AP80: =IF(AN80=0,"-",AO80/$M80) -> - | AQ80: =+'Plan - Semanal'!O88 -> 0 | AR80: =AO80-AQ80 -> 52 | AS80: =IF(AQ80=0,"-",AR80/M80) -> -
A81: ESFERA CLICK MENTA | B81: ESFERA CLICK MENTA (MENTHOL MAX) | C81: 1 | D81: KG | E81: 6.5 | F81: CAJAS FILTRO | H81: 0 | I81: CAJA x 4 BOLSAS | K81: =(H81*E81)/C81 -> 0 | M81: 5 | N81: =K81/M81 -> 0 | P81: =+'Plan - Semanal'!C89 -> 0 | Q81: =K81-P81 -> 0 | R81: =IF(P81=0,"-",Q81/M81) -> - | S81: =+'Plan - Semanal'!D89 -> 0 | T81: =Q81-S81 -> 0 | U81: =IF(S81=0,"-",T81/$M81) -> - | V81: =+'Plan - Semanal'!E89 -> 0 | W81: =T81-V81 -> 0 | X81: =IF(V81=0,"-",W81/$M81) -> - | Y81: =+'Plan - Semanal'!F89 -> 0 | Z81: =W81-Y81 -> 0 | AA81: =IF(Y81=0,"-",Z81/$M81) -> - | AB81: =+'Plan - Semanal'!G89 -> 0 | AC81: =Z81-AB81 -> 0 | AD81: =IF(AB81=0,"-",AC81/$M81) -> - | AE81: =+'Plan - Semanal'!H89 -> 0 | AF81: =AC81-AE81 -> 0 | AG81: =IF(AE81=0,"-",AF81/$M81) -> - | AH81: =+'Plan - Semanal'!I89 -> 0 | AI81: =AF81-AH81 -> 0 | AJ81: =IF(AH81=0,"-",AI81/$M81) -> - | AK81: =+'Plan - Semanal'!M89 -> 0 | AL81: =AI81-AK81 -> 0 | AM81: =IF(AK81=0,"-",AL81/$M81) -> - | AN81: =+'Plan - Semanal'!N89 -> 0 | AO81: =AL81-AN81 -> 0 | AP81: =IF(AN81=0,"-",AO81/$M81) -> - | AQ81: =+'Plan - Semanal'!O89 -> 0 | AR81: =AO81-AQ81 -> 0 | AS81: =IF(AQ81=0,"-",AR81/M81) -> -
A82: PAPEL DE FILTRO COMUN(para caps) 830 bobinas x 2,5= 2075 cajas de filtros x 25 = 51875 cajas de p/t-BLOQUEADAS
H1048567: 33
